ROUTE,DIR,BMP,EMP,LOCATION,NHS,REGION,AADT_2011,COMBOS,CLASS
0015P,Positive,309.333,312.025,SR-268 600 N to Beck St,Yes,2,107845,4313,Interstate
0034P,Both,0,2.15,SR-18 to I-15 Frontage Rd via St George Blvd,Yes,4,27015,810,Level 1
0006P,Both,270.185,271.96,MP 270.3 to MP 272,Yes,4,4575,1372,Level 1
0015P,Positive,138.559,143.845,Dog Valley to Baker Canyon Rd,Yes,4,11610,3599,Interstate
0006P,Both,0,7,Nevada State Line to MP 7,Yes,4,330,33,Level 2
0028P,Both,43.052,43.612,End of Asphalt @ Rd Lt to Mona to End,No,3,5200,623,Level 1
0012P,Both,59,61,Escalante Main St,No,4,1054,84,Level 1
0024P,Both,13,15.816,MP 13 to Peterson Creek,No,4,750,89,Level 2
0010P,Both,0,7.503,Fremont Junction To MP 7.5,Yes,4,1175,681,Level 1
0018P,Both,37.55,40.34,MP 37.5 to SR-219 Enterprise,No,4,1580,31,Level 1
0037P,Both,1.995,6.69,SR-108 to SR-97,No,1,4819,337,Level 1
0016P,Both,10.505,19.814,Woodruff to Randolph,No,1,1324,155,Level 1
0015P,Positive,276.89,282.66,SR-180 500 E American Fork to SR-89 1200 W Lehi,Yes,3,119811,7188,Interstate
0031P,Both,0,8.576,Fairview to SR-264,No,4,1418,73,Level 1
0014P,Both,0,0.6,SR-130 to 600 E,No,4,2864,88,Level 1
0006P,Both,235.823,236.336,SR-139 to Carbonville Rd,Yes,4,11623,1374,Level 1
0015P,Positive,58,61.372,S Cedar City to N Cedar City,Yes,4,24913,5168,Interstate
0024P,Both,119.55,136.019,Hanksville Airport to Temple Mtn Junction,No,4,790,118,Level 2
0026P,Both,0.851,1.81,I-15 to 700 W,Yes,1,35438,2771,Level 1
0012P,Both,16.438,20.496,MP 16.4 to 200 N Tropic,No,4,1720,103,Level 1
0021P,Both,90.45,96.181,Minersville to Minersville Reservoir,No,4,1065,53,Level 1
0015P,Positive,343.672,346.885,SR-104 to 450 N Harrisville,Yes,1,66638,8026,Interstate
0009P,Both,4.95,9.091,Sand Hollow Rd to 700 W,Yes,4,22140,885,Level 1
0028P,Both,12.565,15.933,Flat Cyn to Juab Co Line,Yes,4,2213,605,Level 1
0012P,Both,37.283,42.535,MP 37.3 to MP 42.5,No,4,950,104,Level 2
0023P,Both,18.087,24.293,SR-142 to Trenton,No,1,1440,126,Level 1
0015P,Positive,365.508,372.734,SR-13 to SR-240 Honeyville,Yes,1,21829,4144,Interstate
0009P,Both,18.8,26.817,Virgin to Rockville,Yes,4,2130,106,Level 1
0036P,Both,48.125,52.454,Stockton to 3 O'clock Drive,Yes,2,6071,530,Level 1
0015P,Positive,379.334,381.088,I-84 W to 1000 N Tremonton,Yes,1,12234,4200,Interstate
0015P,Positive,257.264,260.1,SR-156 Spanish Fork Main St to SR-77 400 S Springville,Yes,3,74561,7523,Interstate
0030P,Both,109.931,116.862,Resume at SR-89 to Rest Area,No,1,2031,274,Level 1
0013P,Both,11.799,17.821,Malad River to I-15 Elwood,No,1,1662,406,Level 1
0006P,Both,221.75,228.3,Emma Park Rd to MP 228.3,Yes,4,6270,1379,Level 1
0015P,Positive,19.553,26.936,Cottonwood Creek to Anderson Junction,Yes,4,21238,3289,Interstate
0024P,Both,94.52,104.936,Fremont River Bridge to Factory Butte,No,4,585,76,Level 2
0010P,Both,65.701,67.308,4-Mile Hill to Price,Yes,4,9211,921,Level 1
0021P,Both,76.92,77.428,Milford Main Street,No,4,2805,156,Level 1
0015P,Positive,329.555,331.351,SR-126 Layton to SR-232 Hill Field Rd,Yes,1,109745,9877,Interstate
0035P,Both,44.939,47.5,SR-208 to MP 47.5,No,3,490,39,Level 2
0015P,Positive,200.03,211.186,MP 200 to MP 211.2,Yes,3,14124,2824,Interstate
0006P,Both,7,13,MP 7 to MP 13,Yes,4,330,33,Level 2
0036P,Both,13.435,16.874,Lofgren to Railroad,No,2,520,46,Level 2
0015P,Positive,241.519,244.654,Utah Co Line to Santaquin SR-6,Yes,3,22801,3557,Interstate
0030P,Both,91.901,94.953,SR-13 to SR-38,No,1,5976,597,Level 1
0013P,Both,2.5,2.872,620 N to SR-38 900 N,Yes,1,14130,1130,Level 1
0006P,Both,204.2,211.3,Tucker to Soldier Summit,Yes,4,7148,2055,Level 1
0014P,Both,36.843,40.995,MP 36.8 to SR 89,No,4,800,39,Level 2
0024P,Both,69.526,71.46,SR-12 Torrey to Willow Dr,No,4,515,73,Level 2
0010P,Both,47.8,54.18,Huntington Main Street to Poison Springs,Yes,4,4718,569,Level 1
0021P,Both,20.661,31,MP 20.7 to Beaver Co Line,No,4,90,5,Level 2
0015P,Positive,313.275,315.41,I-215 to SR-93 2600 S Woods Cross,Yes,1,142866,5815,Interstate
0035P,Both,12.399,27.513,Noblets to Seasonal Gate,No,3,427,25,Level 2
0006P,Both,275.22,278.2,MP 275.2 to Woodside,Yes,4,4563,1361,Level 1
0015P,Positive,168.664,173,N Fillmore to S Holden,Yes,4,12700,3301,Interstate
0029P,Both,13.19,16.93,MP 13.2 to Orangeville,No,4,307,50,Level 2
0012P,Both,70.017,79.414,Cattle Guard to MP 79.4,No,4,480,43,Level 2
0024P,Both,27,30,MP 27 to MP 30,No,4,1220,134,Level 1
0010P,Both,12.83,15.556,200 E Emery to Muddy Creek,Yes,4,2806,1407,Level 1
0030P,Both,40.785,50.64,W Rosette to Rosette,No,1,368,77,Level 2
0012P,Both,110.523,122.863,Wayne Co Line to Torrey,No,4,450,48,Level 2
0006P,Both,189.34,193.25,Chicken Hollow Rd to MP 193.2,Yes,3,7210,1586,Level 1
0024P,Both,41,51.575,Wayne Co Line to Loa,No,4,670,66,Level 2
0010P,Both,34,37.635,MP 34 to Cottonwood Wash,Yes,4,4175,1258,Level 1
0021P,Both,3.52,7.23,MP 3.5 to MP 7.2,No,4,90,5,Level 2
0018P,Both,12.978,19.772,Diamond Valley to Santa Clara River,No,4,3589,130,Level 1
0015P,Positive,304.691,308.132,I-80 to 100 S,Yes,2,206854,6205,Interstate
0032P,Both,12.429,21.405,Kamas to Peoa,No,2,3594,407,Level 1
0006P,Both,263.35,266.424,MP 263.3 to MP 266.5,Yes,4,4575,1372,Level 1
0006P,Both,115.26,131,Champlin Pt Rd to MP 131,No,3,592,119,Level 2
0015P,Positive,120.535,131.839,Manderfield to I-70,Yes,4,16471,3893,Interstate
0028P,Both,30.23,38.874,300 N Levan to MP 38.9  Nephi,Yes,3,3119,466,Level 1
0012P,Both,46.477,57.768,MP 46.5 to Wide Hollow,No,4,950,104,Level 2
0024P,Both,7.705,10,SR-259 to MP 10,No,4,1818,176,Level 1
0009P,Both,49.2,53.4,Ranch Rd to Mineral Spring Rd,Yes,4,955,105,Level 2
0018P,Both,29.5,33,MP 29.5 to MP 33,No,4,1580,31,Level 1
0036P,Both,62.451,66.406,Stansbury N Entrance to I-80,Yes,2,24534,1717,Level 1
0015P,Positive,392.423,400.592,SR-13 to Idaho State Line,Yes,1,9486,1517,Interstate
0015P,Positive,266.26,271.73,SR-114 Provo Center St to SR-52  800 N Orem,Yes,3,126000,8820,Interstate
0030P,Both,126.018,131.686,Brake Check to SR-16,No,1,755,105,Level 2
0013P,Both,25.25,29.002,SR-30 to Malad River,No,1,840,176,Level 2
0006P,Both,232.364,233.483,Martin Rd to S Helper,Yes,4,9228,1396,Level 1
0019P,Both,1.114,2.802,600 W to Green River Bridge,No,4,3188,1117,Level 1
0018P,Both,0,0.5,I 15 Frontage Rd to Black Ridge Dr via Bluff St,Yes,4,24215,4116,Level 1
0015P,Positive,285.926,288.272,Salt Lake Co Line to SR-140 14600 S Bluffdale,Yes,2,136575,8194,Interstate
0031P,Both,31.691,36.196,Huntington Creek to MP 36.2,No,4,830,135,Level 2
0014P,Both,12.32,18,Wood's Ranch to SR-148,No,4,1300,64,Level 1
0006P,Both,242.642,246.8,E Price to Wellington,Yes,4,9582,1651,Level 1
0015P,Positive,82.563,93.84,Paragonah to SR-20,Yes,4,16445,3617,Interstate
0028P,Both,0,7.498,Gunnison to N Fayette,Yes,4,2577,624,Level 1
0012P,Both,24.5,27.93,MP 24.5 to Henrieville,No,4,1146,95,Level 1
0006P,Both,141,149.9,Juab Co Line to SR-68,No,3,1360,81,Level 1
0023P,Both,0,10.066,SR-91 to SR-30,No,1,1527,78,Level 1
0015P,Positive,352.028,362.02,SR-126 to SR-91,Yes,1,42919,5770,Interstate
0009P,Both,11.378,12.458,300 S to 500 N in Laverkin,Yes,4,11685,467,Level 1
0036P,Both,38.763,42.557,SR-199 to SR-73,No,2,1605,177,Level 1
0015P,Positive,252.447,255.2,MP 252.5 to MP 255.2,Yes,3,43349,4945,Interstate
0030P,Both,102.348,108.661,SR-23 to 10th W,No,1,6278,627,Level 1
0013P,Both,9.158,10.153,SR-83 to Railroad,No,1,1571,287,Level 1
0006P,Both,218.883,220.56,Colton to Bristlecone,Yes,4,6270,1379,Level 1
0015P,Positive,10.659,11.157,SR 212 Washington Exit 10,Yes,4,41354,5522,Interstate
0024P,Both,85.55,91.13,Behunin Cabin to MP 91.1,No,4,749,86,Level 2
0010P,Both,62.766,64.432,Stake Farm Rd to MP 64.4,Yes,4,7352,735,Level 1
0015P,Positive,42.533,52.09,Iron Co Line to Hamilton Fort,Yes,4,21693,4338,Interstate
0024P,Both,111.6,115.16,MP 111.6 to Freemont River Hanksville,No,4,585,76,Level 2
0025P,Both,0,9.995,Fish Lake Rd,No,4,195,37,Level 2
0012P,Both,7.26,13.598,Red Canyon to SR-63,Yes,4,2300,183,Level 1
0021P,Both,83.6,89.36,Questar Gas to Minersville,No,4,1635,81,Level 1
0015P,Positive,338.636,340.739,SR-97 Roy to I-84,Yes,1,90146,9704,Interstate
0008P,Both,0,1.303,Sunset Blvd,No,4,26608,1330,Level 1
0036P,Both,0.036,6.129,SR-6 to Tooele Co Line,No,3,331,26,Level 2
0015P,Positive,229.78,239.23,End of PCC to MP 239.2 Mona,Yes,3,21629,3754,Interstate
0030P,Both,74.693,90.615,SR-42 to Temp End at I-84,No,1,465,97,Level 2
0013P,Both,1.343,1.811,SR-90 200 S to 100 N,Yes,1,13159,884,Level 1
0006P,Both,202.058,203,Tie Fork Rd to Tucker,Yes,4,7160,2076,Level 1
0024P,Both,60.91,65.363,Bicknell to E Teasdale Junction,No,4,1303,117,Level 1
0010P,Both,41,46.554,SR-29 to Huntington City Limits,Yes,4,5641,801,Level 1
0021P,Both,13.64,17,MP 13.6 to MP 17,No,4,90,5,Level 2
0015P,Positive,312.025,312.319,Beck St to Davis Co Line,Yes,2,113632,4545,Interstate
0035P,Both,0,9.616,Francis to Diamond Bar Ranch,No,2,1210,108,Level 1
0006P,Both,271.96,273.67,MP 272 to MP 273.7,Yes,4,4575,1372,Level 1
0021P,Both,51.592,53,Wah Wah Ranch to MP 53,No,4,250,15,Level 2
0015P,Positive,321.503,323.63,Lund Lane to SR-225 Lagoon,Yes,1,124704,9145,Interstate
0035P,Both,32.77,40.69,MP 32.8 W of Duchesne R. to MP 40.7,No,3,420,32,Level 2
0006P,Both,287.334,290.542,Railroad Overpass to Sub-Station,Yes,4,4205,1051,Level 1
0015P,Positive,187.467,194.137,Scipio to Juab Co Line,Yes,4,14119,2855,Interstate
0030P,Both,11.769,24.771,Rabbit Springs to Watercress,No,1,370,77,Level 2
0012P,Both,87.35,101.49,Boulder Town to Pole Corral Draw,No,4,470,42,Level 2
0006P,Both,178.677,184.09,MP 178.7 to Diamond Fork Rd,Yes,3,9165,1374,Level 1
0024P,Both,36.33,39,MP 36.5 to MP 39,No,4,680,74,Level 2
0010P,Both,27.302,32.04,Ferron 3rd N to MP 32,Yes,4,4293,1650,Level 1
0020P,Both,17.307,20.492,Garfield Co Line to SR-89,No,4,1480,384,Level 1
0018P,Both,6.435,9.26,Begin Plant Mix Seal to End Plant Mix Seal,No,4,6402,256,Level 1
0015P,Positive,295.666,303.414,SR-209 9000 S to SR-171 3300 S,Yes,2,200973,7828,Interstate
0032P,Both,0,7.698,SR-40 to Rockcliff Rd,No,3,2125,212,Level 1
0006P,Both,256,262,Grassy Trail Creek to Icelander,Yes,4,4601,1377,Level 1
0015P,Positive,105.522,112.297,S Beaver to N Beaver,Yes,4,16524,3647,Interstate
0006P,Both,13,22.8,MP 13 to MP 22.8,Yes,4,330,33,Level 2
0028P,Both,15.933,23,Juab Co Line to MP 23,Yes,3,2205,551,Level 1
0012P,Both,42.535,44.15,MP 42.5 to S Hollow,No,4,950,104,Level 2
0023P,Both,24.293,29.89,Trenton to Idaho State Line,No,1,1009,100,Level 2
0015P,Positive,143.845,159.089,Baker Canyon Rd to Meadow,Yes,4,11560,3482,Interstate
0006P,Both,22.8,31,MP 22.8 to MP 31,Yes,4,330,33,Level 2
0029P,Both,0,10.2,Joe's Valley Campground to Cottonwood Creek,No,4,230,29,Level 2
0012P,Both,61,65.1,Escalante to Hole in the Rock Rd,No,4,670,54,Level 2
0024P,Both,15.816,22.6,Peterson Creek to MP 22.6,No,4,1207,133,Level 1
0010P,Both,7.503,10.3,MP 7.5 to MP 10.3,Yes,4,1595,905,Level 1
0018P,Both,40.34,51.005,SR-219 Enterprise to SR-56 Beryl Junction,No,4,1203,12,Level 1
0037P,Both,6.69,12.351,SR-97 to SR-108 Midland dr,No,1,5378,376,Level 1
0016P,Both,19.814,29.359,Randolph to SR-30,No,1,2025,297,Level 1
0015P,Positive,282.66,284.486,SR-89 1200 W Lehi to SR-92 Alpine,Yes,3,122670,7360,Interstate
0031P,Both,8.576,18.325,SR-264 to Miller Flat Seasonal Gate,No,4,471,36,Level 2
0014P,Both,0.6,2.86,600 E to Rusty's,No,4,1790,71,Level 1
0006P,Both,236.336,239.404,Carbonville Rd to SR-55,Yes,4,11540,1269,Level 1
0015P,Positive,61.372,69.676,N Cedar City to Summit,Yes,4,20233,4248,Interstate
0026P,Both,1.81,3.167,700 W to Chimes View,Yes,1,28079,1684,Level 1
0012P,Both,20.496,21.173,200 N Tropic to Campbell Creek,No,4,1719,105,Level 1
0021P,Both,96.181,107.575,Minersville Reservoir to Beaver,No,4,1477,73,Level 1
0015P,Positive,346.885,349.617,450 N to SR-134 Farr W,Yes,1,53765,6989,Interstate
0009P,Both,9.091,10.624,Hurricane,Yes,4,21847,873,Level 1
0036P,Both,16.874,27.907,Railroad to Bird Refuge,No,2,651,62,Level 2
0015P,Positive,244.654,247.426,Santaquin SR-6 to 12000 S Overpass,Yes,3,30045,4224,Interstate
0015P,Positive,372.734,375.539,SR-240 to SR-13 Elwood,Yes,1,22010,5282,Interstate
0009P,Both,26.817,32.662,Rockville to Zion NP,Yes,4,2390,66,Level 1
0018P,Both,19.772,27,Santa Clara River to MP 27,No,4,2591,76,Level 1
0036P,Both,52.454,55.77,3 O'clock Drive to 1000 N,Yes,2,17293,963,Level 1
0015P,Positive,381.088,385.297,1000 N to SR-30 Riverside,Yes,1,10918,3274,Interstate
0015P,Positive,260.1,261.93,SR-77 400 S to SR-75 N Springville,Yes,3,89410,8047,Interstate
0030P,Both,116.862,121.263,Rest Area to Laketown,No,1,1247,174,Level 1
0013P,Both,17.821,20.175,I-15 Elwood to SR-102,No,1,6240,1776,Level 1
0006P,Both,228.3,231.121,MP 228.3 to Utah Railroad Overpass,Yes,4,7007,1425,Level 1
0015P,Positive,26.936,34.324,Anderson Junction to Black Ridge,Yes,4,21304,3860,Interstate
0024P,Both,104.936,108.3,Factory Butte to MP 108.3,No,4,585,76,Level 2
0010P,Both,67.308,68.816,MP 67.3 to SR-55 100 N Price,Yes,4,9861,992,Level 1
0021P,Both,77.428,78.143,Milford Railroad Crossing,No,4,1926,96,Level 1
0015P,Positive,331.351,334.733,SR-232 Hill Field Rd to 200 S Structure,Yes,1,106609,9797,Interstate
0035P,Both,47.5,54,MP 47.5 to MP 54,No,3,490,39,Level 2
0015P,Positive,211.186,222,MP 211.2 to MP 222,Yes,3,13965,2793,Interstate
0006P,Both,31,40.971,MP 31 to MP 41,Yes,4,330,32,Level 2
0030P,Both,50.64,58.674,Rosette to Park Valley,No,1,340,71,Level 2
0013P,Both,0,0.648,SR-91 1100 S to 700 S,Yes,1,15880,793,Level 1
0006P,Both,193.25,197,MP 193.2 to MP 197,Yes,3,7180,1877,Level 1
0024P,Both,51.575,55.762,Loa to Lyman,No,4,1726,172,Level 1
0030P,Both,94.953,99.511,SR-38 to Cache Co Line,No,1,7085,708,Level 1
0013P,Both,2.872,5.368,SR-38 to I-15 Brigham,Yes,1,4443,453,Level 1
0006P,Both,211.3,215.043,Soldier Summit to White River,Yes,4,7010,1822,Level 1
0015P,Positive,0,6,Arizona State Line to S Saint George,Yes,4,25940,4150,Interstate
0024P,Both,71.46,74.69,Willow Dr to Capitol Reef NP,No,4,688,60,Level 2
0010P,Both,54.18,59.95,Poison Springs to MP 60,Yes,4,5743,574,Level 1
0021P,Both,31,40,Beaver Co Line to MP 40,No,4,210,12,Level 2
0015P,Positive,315.41,318.5,SR-93 2600 S to PCC N of Pages Lane,Yes,1,131339,6966,Interstate
0035P,Both,27.513,28.388,Seasonal Gate to Duchesne Co Line,No,3,415,24,Level 2
0006P,Both,278.2,282,Woodside to MP 282,Yes,4,4205,1051,Level 1
0015P,Positive,173,179.123,S Holden to N Holden,Yes,4,12492,3002,Interstate
0006P,Both,40.971,46,MP 41 to Antelope Springs Rd,Yes,4,330,33,Level 2
0029P,Both,16.93,21.732,Orangeville to SR-10,No,4,2010,219,Level 1
0012P,Both,79.414,83.15,MP 79.4 to Hell's Backbone,No,4,480,43,Level 2
0006P,Both,173.424,178,I-15 Spanish Fork Resume to SR-89,Yes,3,15839,3655,Level 1
0024P,Both,30,33.95,MP 30 to MP 33.9,No,4,996,109,Level 2
0010P,Both,15.556,26.145,Muddy Creek to Ferron S City Limits,Yes,4,2840,1420,Level 1
0019P,Both,2.802,4.552,Green River Bridge to I-70,No,4,2003,841,Level 1
0018P,Both,0.5,3.845,Black Ridge Dr to Snow Canyon Pkwy,Yes,4,28101,2105,Level 1
0015P,Positive,288.272,293.634,SR-140 14600 S to SR-175 11400 S,Yes,2,152298,8843,Interstate
0010P,Both,37.635,38.592,Cottonwood Wash to Castle Dale,Yes,4,5488,1277,Level 1
0021P,Both,7.23,9.92,MP 7.2 to MP 9.9,No,4,90,5,Level 2
0015P,Positive,308.132,309.333,100 S to SR-268 600 N,Yes,2,127756,3835,Interstate
0032P,Both,21.405,29.053,Peoa to Wanship,No,2,2071,221,Level 1
0006P,Both,266.424,270.185,MP 266.5 to  MP 270.3,Yes,4,4575,1372,Level 1
0015P,Positive,131.839,138.559,I-70 to Dog Valley,Yes,4,12179,3762,Interstate
0006P,Both,46,70,Antelope Springs Rd to MP 70,Yes,4,340,112,Level 2
0028P,Both,38.874,43.052,I-15 S of Nephi to I-15 N of Nephi,No,3,5788,694,Level 1
0012P,Both,57.768,59,Wide Hollow to 500 W Escalante,No,4,957,104,Level 2
0024P,Both,10,13,MP 10 to MP 13,No,4,849,100,Level 2
0009P,Both,53.4,57.075,Mineral Springs  Rd to SR-89,Yes,4,955,105,Level 2
0018P,Both,33,37.55,MP 33 to MP 37.5,No,4,1580,31,Level 1
0037P,Both,0,1.995,SR-126 to SR-108 2000 W,No,1,13989,1119,Level 1
0016P,Both,0,10.505,Wyoming to Woodruff,No,1,1152,73,Level 2
0015P,Positive,271.73,276.89,SR-52 800 N Orem to SR-180 500 E American Fork,Yes,3,131369,7882,Interstate
0030P,Both,131.686,135.62,SR-16 to Wyoming State Line,No,1,675,94,Level 2
0013P,Both,29.002,33.135,Malad River to I-15 Plymouth,No,1,833,165,Level 2
0006P,Both,233.483,235.823,S Helper to SR-139,Yes,4,11080,1440,Level 1
0015P,Positive,52.09,58,Hamilton Fort to S Cedar City,Yes,4,22551,4510,Interstate
0024P,Both,115.16,119.55,Hanksville to Hanksville Airport,No,4,728,104,Level 2
0026P,Both,0,0.851,SR-126 to I-15,No,1,31102,3713,Level 1
0012P,Both,13.598,16.438,SR-63 to MP 16.4,No,4,1720,103,Level 1
0031P,Both,36.196,42.071,MP 36.2 to MP 42.1,No,4,2577,535,Level 1
0014P,Both,18,22.825,SR-148 to Kane Co Line,No,4,803,40,Level 2
0006P,Both,246.8,252.487,Wellington to Cat Canyon,Yes,4,7335,1667,Level 1
0015P,Positive,93.84,98.363,SR-20 to Fremont Wash,Yes,4,17055,3752,Interstate
0028P,Both,7.498,12.565,N Fayette to Flat Cyn,Yes,4,2215,620,Level 1
0012P,Both,27.93,37.283,Henrieville to MP 37.3,No,4,969,103,Level 2
0006P,Both,149.9,159,SR-68 Elberta to W Santaquin,No,3,2973,321,Level 1
0023P,Both,10.066,18.087,SR-30 to Newton,No,1,922,65,Level 2
0015P,Positive,362.02,365.508,SR-91 to SR-13 Corinne,Yes,1,25797,3611,Interstate
0009P,Both,12.458,18.8,LaVerkin to Virgin,Yes,4,2988,148,Level 1
0036P,Both,42.557,48.125,SR-73 to Stockton,Yes,2,3021,330,Level 1
0015P,Positive,255.2,257.264,MP 255.2 to SR-156 Spanish Fork Main St,Yes,3,43400,4774,Interstate
0030P,Both,108.661,109.93,10th W to Temp End at SR-91,Yes,1,10410,1353,Level 1
0013P,Both,10.153,11.799,Railroad to Malad River,No,1,1600,320,Level 1
0006P,Both,220.56,221.75,Bristlecone to Emma Park Rd,Yes,4,6270,1379,Level 1
0015P,Positive,11.157,19.553,Middleton Dr to Cottonwood Creek,Yes,4,32296,3661,Interstate
0024P,Both,91.13,94.52,MP 91.1 to Fremont River Bridge,No,4,585,76,Level 2
0010P,Both,64.432,65.701,MP 64.4 to Ridge Rd,Yes,4,9235,923,Level 1
0021P,Both,53,76.92,MP 53 to Milford,No,4,293,17,Level 2
0015P,Positive,323.63,329.555,SR-225 Lagoon to SR-126 Layton,Yes,1,110580,9804,Interstate
0021P,Both,89.36,90.45,Minersville,No,4,1635,81,Level 1
0015P,Positive,340.739,343.672,I-84 to SR-104 21st St,Yes,1,92215,10323,Interstate
0009P,Both,0,4.95,I-15 to Sand Hollow Rd,Yes,4,20719,828,Level 1
0036P,Both,6.129,13.435,Tooele Co Line to Lofgren,No,2,330,26,Level 2
0015P,Positive,239.23,241.519,MP 239.2 to Utah Co Line,Yes,3,21825,3710,Interstate
0030P,Both,90.616,91.901,Resume at I-15 to SR-13,No,1,3050,305,Level 1
0013P,Both,1.811,2.5,100 N to 620 N,Yes,1,14130,1130,Level 1
0006P,Both,203,204.2,Tucker,Yes,4,7160,2076,Level 1
0014P,Both,31.615,36.843,Mammoth Creek Rd to MP 36.8,No,4,800,39,Level 2
0024P,Both,65.363,69.526,E Teasdale Junction to SR-12 Torrey,No,4,1270,114,Level 1
0010P,Both,46.554,47.8,Huntington Main Street,Yes,4,6623,1313,Level 1
0021P,Both,17,20.661,MP 17 to MP 20.7,No,4,90,5,Level 2
0015P,Positive,312.319,313.275,Davis Co Line to I-215,Yes,1,133140,5325,Interstate
0035P,Both,9.616,12.399,Diamond Bar Ranch to Knoblets Trail,No,2,485,29,Level 2
0006P,Both,273.67,275.22,MP 273.7 to MP 275.2,Yes,4,4575,1372,Level 1
0015P,Positive,159.089,168.664,Meadow to N Fillmore,Yes,4,12121,3356,Interstate
0006P,Both,70,83.08,MP 70 to 200 E Hinckley,Yes,4,434,129,Level 2
0029P,Both,10.2,13.19,Cottonwood Creek to MP 13.2,No,4,310,49,Level 2
0012P,Both,65.1,70.017,Hole in the Rock Rd to Cattle Guard,No,4,480,43,Level 2
0035P,Both,40.69,44.939,MP 40.7 to SR-208,No,3,504,40,Level 2
0006P,Both,290.542,300.359,Sub-Station to I-70,Yes,4,4205,1051,Level 1
0015P,Positive,194.137,200.03,Juab Co Line to MP 200,Yes,3,14210,2842,Interstate
0006P,Both,83.08,87.44,200 E Hinckley to Delta,Yes,4,2928,419,Level 1
0030P,Both,24.771,40.785,Watercress to W Rosette,No,1,370,77,Level 2
0012P,Both,101.49,110.523,Pole Corral Draw to Wayne Co Line,No,4,382,34,Level 2
0006P,Both,184.09,189.34,Diamond Fork Rd to Chicken Hollow Rd,Yes,3,8468,1481,Level 1
0024P,Both,39,41,MP 39 to Wayne Co Line,No,4,670,67,Level 2
0010P,Both,32.04,34,MP 32 to MP 34,Yes,4,4320,1512,Level 1
0021P,Both,0,3.52,Nevada State Line to MP 3.5,No,4,103,6,Level 2
0018P,Both,9.26,12.978,End Plant Mix Seal to Diamond Valley,No,4,5229,209,Level 1
0015P,Positive,303.414,304.691,SR-171 3300 S to I-80,Yes,2,212883,6386,Interstate
0032P,Both,7.698,12.429,Rockcliff Rd to Kamas,No,2,3079,307,Level 1
0006P,Both,262,263.35,Icelander to MP 263.3,Yes,4,4575,1372,Level 1
0006P,Both,131,139.78,MP 131 to Eureka W City Limits McChrystal St,No,3,620,108,Level 2
0015P,Positive,112.297,120.535,N Beaver to Manderfield,Yes,4,16423,3777,Interstate
0006P,Both,87.44,89.402,Delta Main Street,Yes,4,4822,669,Level 1
0028P,Both,23,30.23,MP 23 to MP 30.2 300 N Levan,Yes,3,2257,581,Level 1
0012P,Both,44.15,46.477,S Hollow to MP 46.5,No,4,950,104,Level 2
0024P,Both,0,7.705,Salina to SR-259 Sigurd Interchange,No,4,2932,303,Level 1
0015P,Positive,375.539,379.334,SR-13 to I-84 W,Yes,1,18907,5096,Interstate
0009P,Both,44.771,49.2,From Zion NP to Ranch Rd,Yes,4,955,105,Level 2
0018P,Both,27,29.5,MP 27 to MP 29.5,No,4,1580,31,Level 1
0036P,Both,55.77,62.451,1000 N to Stansbury N Entrance,Yes,2,19363,1296,Level 1
0024P,Both,22.6,27,MP 22.6 to MP 27,No,4,1220,134,Level 1
0010P,Both,10.3,12.83,MP 10.3 to 200 E Emery,Yes,4,1855,1035,Level 1
0019P,Both,0,1.114,I-70 to 600 W Green River,No,4,4780,1290,Level 1
0038P,Both,0,8.29,SR-13 to SR-240,No,1,2313,322,Level 1
0017P,Both,0,6.06,LaVerkin to Anderson Junction,No,4,3162,406,Level 1
0015P,Positive,284.486,285.926,SR-92 Alpine to Salt Lake Co Line,Yes,3,136575,8194,Interstate
0031P,Both,18.325,31.691,Miller Flat Seasonal Gate to Huntington Creek,No,4,321,46,Level 2
0014P,Both,2.86,12.32,Rusty's to Wood's Ranch,No,4,1409,67,Level 1
0006P,Both,239.404,242.642,SR-55 to E Price,Yes,4,10996,1554,Level 1
0015P,Positive,69.676,82.563,Summit to Paragonah,Yes,4,17857,3815,Interstate
0026P,Both,3.167,3.724,Chimes View to SR-89,Yes,1,8634,518,Level 1
0012P,Both,21.173,24.5,Campbell Crekk to MP 24.5,No,4,1324,92,Level 1
0006P,Both,159,160.568,W Santaquin to Temp End at I-15 Santaquin,No,3,9214,669,Level 1
0022P,Both,0,6.852,SR-62 to Antimony,No,4,195,19,Level 2
0015P,Positive,349.617,352.028,SR-134 to SR-126 Willard,Yes,1,47176,6132,Interstate
0009P,Both,10.624,11.378,Arch Bridge,Yes,4,14697,587,Level 1
0036P,Both,27.907,38.763,Bird Refuge to SR-199,No,2,715,71,Level 2
0015P,Positive,247.426,252.447,12000 S Overpass to MP 252.5,Yes,3,36306,4713,Interstate
0006P,Both,89.402,107.512,Delta to Juab Co Line,No,4,2189,390,Level 1
0030P,Both,99.511,102.348,Cache Co Line to SR-23,No,1,7085,708,Level 1
0013P,Both,5.368,9.158,I-15 Brigham to SR-83,No,1,7166,1022,Level 1
0006P,Both,215.043,218.883,White River to Colton,Yes,4,6487,1503,Level 1
0015P,Positive,6,10.659,S SaInterstate George to Middleton Dr,Yes,4,35911,5899,Interstate
0015P,Positive,385.297,392.423,SR-30 to SR-13 Plymouth,Yes,1,9899,2275,Interstate
0015P,Positive,261.93,266.26,SR-75 N Springville to SR-114 Provo Center St,Yes,3,97780,8410,Interstate
0006P,Both,107.512,111,Juab Co Line to MP 111,No,3,595,130,Level 2
0030P,Both,121.263,126.018,Laketown to Brake Check,No,1,755,105,Level 2
0013P,Both,20.175,25.25,SR-102 to SR-30,No,1,2855,678,Level 1
0006P,Both,231.121,232.364,Utah Railroad Overpass to Martin Rd,Yes,4,8050,1449,Level 1
0015P,Positive,34.324,42.533,Black Ridge to Iron Co Line,Yes,4,21222,4041,Interstate
0024P,Both,108.3,111.6,MP 108.3 to MP 111.6,No,4,585,76,Level 2
0024P,Both,136.019,160.294,Temple Mtn Junction to I-70,No,4,790,134,Level 2
0012P,Both,0,7.26,SR-89 to Red Canyon,Yes,4,2310,184,Level 1
0021P,Both,78.143,83.6,Milford to Questar Gas,No,4,1635,81,Level 1
0015P,Positive,334.733,338.636,200 S Structure to SR-97 Roy,Yes,1,104600,10460,Interstate
0007P,Both,0,7.123,I-15 to Temp End Southern Corridor Sections 1 & 2,Yes,4,705,35,Level 1
0035P,Both,54,62.012,MP 54 to SR-87,No,3,490,39,Level 2
0015P,Positive,222,229.78,MP 222 to End of PCC,Yes,3,18373,3528,Interstate
0006P,Both,111,115.26,MP 111 to Champlin Pt Rd,No,3,595,130,Level 2
0030P,Both,58.674,74.693,Park Valley to SR-42,No,1,340,71,Level 2
0013P,Both,0.648,1.343,700 S to SR-90 200 S,Yes,1,15880,794,Level 1
0006P,Both,197,202.058,MP 197 to Tie Fork Rd,Yes,3,7160,2076,Level 1
0024P,Both,55.762,60.91,Lyman to Bicknell,No,4,1771,173,Level 1
0010P,Both,38.592,41,Castle Dale to SR-29,Yes,4,4530,860,Level 1
0021P,Both,9.92,13.64,MP 9.9 to MP 13.6,No,4,90,5,Level 2
0024P,Both,74.69,85.55,Capitol Reef NP to Behunin Cabin,No,4,925,92,Level 2
0010P,Both,59.95,62.766,MP 60 to Stake Farm Rd,Yes,4,6994,699,Level 1
0021P,Both,40,51.592,MP 40 to Wah Wah Ranch,No,4,250,15,Level 2
0015P,Positive,318.5,321.503,N of Pages Lane to Lund Lane,Yes,1,128276,8547,Interstate
0035P,Both,28.388,32.77,Duchesne Co Line to MP 32.8,No,3,368,25,Level 2
0006P,Both,282,287.334,MP 282 to Railroad Overpass,Yes,4,4205,1051,Level 1
0015P,Positive,179.123,187.467,N Holden to Scipio,Yes,4,13105,2952,Interstate
0030P,Both,0,11.769,Nevada State Line to Rabbit Springs,No,1,370,77,Level 2
0012P,Both,83.15,87.35,Hell's Backbone to Boulder Town,No,4,492,44,Level 2
0006P,Both,178,178.677,SR-89 to MP 178.7,Yes,3,9165,1374,Level 1
0024P,Both,33.95,36.33,MP 33.9 to MP 36.3,No,4,680,74,Level 2
0010P,Both,26.145,27.302,Ferron S City Limits to 3rd N,Yes,4,3667,1743,Level 1
0020P,Both,0,17.307,I-15 to Garfield Co Line,No,4,1480,384,Level 1
0018P,Both,3.845,6.435,Snow Canyon Pkwy to Begin Plant MIx Seal,No,4,6690,267,Level 1
0015P,Positive,293.634,295.666,SR-151 10600 S to SR-209 9000 S,Yes,2,160507,8025,Interstate
0031P,Both,42.071,47.746,MP 42.1 to Huntington,No,4,5109,1235,Level 1
0014P,Both,22.825,31.615,Kane Co Line to Mammoth Creek Rd,No,4,795,39,Level 2
0006P,Both,252.487,256,Cat Canyon to Grassy Trail Creek,Yes,4,6720,1680,Level 1
0006P,Both,139.78,141,McCrystal St Eureka W City Limits to Juab Co Line,No,3,1269,122,Level 1
0015P,Positive,98.363,105.522,Fremont Wash to S Beaver,Yes,4,17297,3805,Interstate
0050P,Both,110.487,113.137,MP 110.5 to MP 113.1,Yes,4,780,210,Level 1
0070P,Positive,213.813,221.233,E Cisco to Westwater,Yes,4,6546,2291,Interstate
0068P,Both,56.325,59.462,SR-201 2100 S to N Temple,Yes,2,21000,397,Level 1
0050P,Both,107.41,110.487,SR-100 to MP 110.5,Yes,4,804,215,Level 1
0068P,Both,54.308,56.325,SR-171 3500 S to SR-201 2100 S,Yes,2,23487,469,Level 1
0068P,Both,49.757,54.308,6600 S to SR-171 3500 S,Yes,2,49944,1325,Level 1
0050P,Both,93.441,107.41,MP 93.4 to SR-100,Yes,4,1326,284,Level 1
0070P,Positive,131.2,138.186,Sinbad to Brake Test,Yes,4,3320,1036,Interstate
0068P,Both,48.314,49.757,SR-48 7800 S to 6600 S,Yes,2,35522,1065,Level 1
0050P,Both,92.976,93.441,SR-125 & SR-136 to MP 93.4,Yes,4,1675,301,Level 1
0068P,Both,46.811,48.314,SR-209 9000 S to SR-48 7800 S,Yes,2,33875,1016,Level 1
0050P,Both,90.12,92.976,E Delta to SR-125 & SR-136,Yes,4,1910,267,Level 1
0068P,Both,45.068,46.811,SR-151 10400 S to SR-209 9000 S,Yes,2,24636,492,Level 1
0050P,Both,89.402,90.12,SR-6 to E Delta,Yes,4,1910,267,Level 1
0068P,Both,42.311,45.068,SR-71 12600 S to SR-151 10400 S,Yes,2,18680,373,Level 1
0048P,Both,11.67,12.699,700 W to State St,Yes,2,34346,4121,Level 1
0070P,Positive,80.52,91.69,Wide Hollow to SR-91 Fremont Junction,Yes,4,4183,1684,Interstate
0068P,Both,40.058,42.311,SR-140 Bluffdale to SR-71 12600 S,Yes,2,23475,314,Level 1
0048P,Both,10.12,11.67,Redwood Rd to 700 W,Yes,2,25289,3034,Level 1
0048P,Both,9.13,10.119,2700 W to Redwood,Yes,2,30855,1542,Level 1
0071P,Both,10.233,12.148,SR-209 9000 S to Hillcrest High Dr,Yes,2,25666,1539,Level 1
0068P,Both,35.994,40.058,Salt Lake Co Line to SR-140 Bluffdale,Yes,2,21945,665,Level 1
0048P,Both,8.147,9.13,Bangerter Hwy to 2700 W,Yes,2,28721,1436,Level 1
0068P,Both,68.989,70.623,I-15 to 200 W,Yes,1,16550,2151,Level 1
0072P,Both,0,6.964,Loa to Fremont,No,4,446,33,Level 2
0068P,Both,30.533,35.994,400 S Saratoga Springs to Salt Lake Co Line,Yes,3,15540,1134,Level 1
0048P,Both,5.805,8.147,Copper Hills HS to Bangerter Hwy,Yes,2,21263,1063,Level 1
0070P,Positive,37.705,48.949,SR-120 S Richfield to SR-259 Sigurd,Yes,4,6982,1977,Interstate
0068P,Both,29.328,30.533,MP 29.3 to 400 S Saratoga Springs,No,3,9535,1144,Level 1
0048P,Both,3.023,5.805,SR-111 to Copper Hills HS,Yes,2,4790,239,Level 1
0048P,Both,1.399,3.023,Railroad Structure to SR-111,No,2,3668,183,Level 1
0071P,Both,2.377,4.723,SR-68 Redwood Rd to Lone Peak Dr,Yes,2,23282,931,Level 1
0068P,Both,23.3,29.328,MP 23.3 to MP 29.3,No,3,6677,869,Level 1
0048P,Both,0,1.399,Kennecott Gate to Railroad Structure,No,2,1219,60,Level 1
0068P,Both,17.488,23.3,MP 17.5 to MP 23.3,No,3,1130,169,Level 1
0068P,Both,14.618,17.488,MP 14.6 to MP 17.5,No,3,1130,169,Level 1
0046P,Both,17,21.595,MP 17 to Colorado State Line,No,4,345,37,Level 2
0070P,Positive,192.912,204.167,Yellowcat to SR-128 W Cisco,Yes,4,6305,2203,Interstate
0068P,Both,11,14.618,MP 11 to MP 14.6,No,3,1130,169,Level 1
0039P,Both,0,3.52,SR-134 to SR-126,Yes,1,6051,880,Level 1
0046P,Both,10.115,17,MP 10.1 to MP 17,No,4,345,37,Level 2
0068P,Both,6,11,MP 6 to MP 11,No,3,1130,169,Level 1
0068P,Both,0,6,SR-6 Elberta to MP 6,No,3,1130,169,Level 1
0046P,Both,5.38,10.115,MP 5.4 to MP 10.1,No,4,609,66,Level 2
0070P,Positive,108.2,117,Salt Wash to Moore,Yes,4,3263,1297,Interstate
0067P,Positive,8.039,11.5,Parrish Lane to I-15,Yes,1,21025,630,Level 1
0068P,Both,59.462,60.806,N Temple to 1000 N,Yes,2,20287,213,Level 1
0046P,Both,4,5.38,MP 4 to MP 5.4,No,4,685,75,Level 2
0070P,Positive,147,154.3,MP 147 to MP 154,Yes,4,3876,1093,Interstate
0067P,Positive,4.821,8.039,500 S to Parrish Lane,Yes,1,22294,493,Level 1
0046P,Both,0.1,4,MP 0.1 to MP 4,No,4,685,75,Level 2
0067P,Positive,0,4.821,I-215 to 500 S,Yes,1,20483,409,Level 1
0046P,Both,0,0.1,SR-191 to MP 0.1,No,4,685,75,Level 2
0066P,Both,8.737,14.346,Porterville to I-84 Morgan,No,1,2364,459,Level 1
0045P,Both,37,40.028,5800 S Green River to SR-40,No,3,3258,488,Level 1
0070P,Positive,63.326,73.32,Gooseberry to Spring Canyon,Yes,4,5140,1901,Interstate
0066P,Both,2.45,8.737,E Canyon Dam to Porterville,No,1,395,59,Level 2
0045P,Both,19.7,37,MP 19.7 to 5800 S,No,3,2618,392,Level 1
0045P,Both,14,19.7,MP 14 to MP 19.7,No,3,1196,179,Level 1
0066P,Both,0,2.45,SR-65 to E Canyon Dam,No,1,386,35,Level 2
0045P,Both,5,14,MP 5 to MP 14,No,3,406,60,Level 2
0071P,Both,16.514,18.276,SR-266 4500 S to SR 171 3300 S,Yes,2,34257,514,Level 1
0065P,Both,21.774,28.315,Summit Co Line to Henifer,No,2,499,33,Level 2
0045P,Both,0,5,Evacuation S of Bonanza to MP 5,No,3,190,28,Level 2
0068P,Both,62.883,65.133,Davis Co Line to 600 N,Yes,1,9843,1082,Level 1
0065P,Both,19.427,21.774,SR-66 to Summit Co Line,No,1,215,15,Level 2
0044P,Both,23,27.995,MP 23 to SR-43 Manilla,No,3,845,135,Level 2
0070P,Positive,221.233,231.673,Westwater to Colorado State Line,Yes,4,6512,2279,Interstate
0065P,Both,14.4,19.427,E Canyon Creek to SR-66,No,1,400,24,Level 2
0044P,Both,14,23,MP 14 to MP 23,No,3,840,133,Level 2
0071P,Both,8.212,9.719,10600 S to 9400 S,Yes,2,20996,1259,Level 1
0065P,Both,8.43,14.4,Morgan Co Line to E Canyon Creek,No,1,401,24,Level 2
0044P,Both,8,14,MP 8 to MP 14,No,3,775,108,Level 2
0070P,Positive,7.346,17.737,Seiver Co Line to Belknap,Yes,4,4393,1111,Interstate
0065P,Both,3.109,8.43,Gate to Morgan Co Line,No,2,1005,40,Level 1
0044P,Both,0,8,SR-191 Greendal Junction To MP 8,No,3,775,108,Level 2
0070P,Positive,174.96,181.497,Floy to SR-191 Crescent Junction,Yes,4,7419,2123,Interstate
0065P,Both,0,3.109,I-80 to Gate,No,2,1159,37,Level 1
0043P,Both,7.932,10.557,SR-44 to Wyoming State Line,No,3,1333,239,Level 1
0064P,Both,0,2.015,Holden Main St,No,4,537,53,Level 2
0043P,Both,0,7.932,Wyoming State Line to SR-44,No,3,986,177,Level 2
0063P,Both,0,2.63,Junction SR-12 to Bryce Canyon Boundary,No,4,2405,72,Level 1
0062P,Both,38.552,42.833,Koosharem to SR-24,No,4,210,23,Level 2
0042P,Both,0,7.39,Idaho State Line to SR-30,No,1,210,63,Level 2
0070P,Positive,138.186,141.1,Brake Test to MP 141.1,Yes,4,3320,1029,Interstate
0062P,Both,26.68,38.552,Narrows to Koosharem,No,4,240,36,Level 2
0040P,Both,168.647,174.624,Rd to Bonanza to Colorado State Line,Yes,3,2575,334,Level 1
0062P,Both,12.33,26.68,SR-22 to Rd Left,No,4,223,39,Level 2
0040P,Both,161.622,168.647,MP 161.622 to Rd to Bonanza,Yes,3,2935,645,Level 1
0062P,Both,8.32,12.33,MP 8.3 to SR-22,No,4,285,62,Level 2
0040P,Both,158.622,161.622,MP 158.6 to MP 161.6,Yes,3,2935,645,Level 1
0040P,Both,156.604,158.622,9000 E to MP 158.6,Yes,3,3364,630,Level 1
0062P,Both,3.78,8.32,MP 3.8 to MP 8.3,No,4,285,62,Level 2
0040P,Both,148.419,156.604,Naples N City Limits to 9000 E,Yes,3,4729,442,Level 1
0070P,Positive,91.69,100,SR-91 Fremont Junction to Muddy Creek,Yes,4,3274,1342,Interstate
0062P,Both,0,3.78,SR-89 to MP 3.8,No,4,371,89,Level 2
0040P,Both,142.51,148.419,1500 W Vernal to Naples,Yes,3,19389,2988,Level 1
0040P,Both,141.34,142.51,1500 S Vernal to 1500 W Vernal,Yes,3,12075,1811,Level 1
0071P,Both,12.148,15.709,Hillcrest High Dr to SR 152 Van Winkle Expy,Yes,2,25036,1307,Level 1
0061P,Both,4.025,7.287,SR-200 to SR-91,No,1,2075,83,Level 1
0040P,Both,130.45,141.34,SR-88 to 1500 S Vernal,Yes,3,8445,1431,Level 1
0068P,Both,67.268,68.989,1100 W to I-15 on 500 S,Yes,1,9112,1093,Level 1
0061P,Both,0,4.025,SR-23 to SR-200,No,1,1086,80,Level 2
0070P,Positive,48.949,56,SR-259 Sigurd to SR-89 Salina,Yes,4,5285,1638,Interstate
0060P,Both,6.163,7.496,2050 E to SR-89,No,1,3380,101,Level 1
0040P,Both,121.693,130.45,Uintah River to SR-88,Yes,3,8090,1132,Level 1
0040P,Both,115.214,121.693,Uintah Co Line to Uintah River,Yes,3,10308,1344,Level 1
0071P,Both,4.723,6.016,Lone Peak Dr to 700 E,Yes,2,26568,1177,Level 1
0060P,Both,0.779,6.163,SR-168 to 2050 E,No,1,2534,76,Level 1
0040P,Both,113.84,115.214,State St Roosevelt to Uintah Co Line,Yes,3,13476,1337,Level 1
0070P,Positive,31.89,37.705,Elsinore to SR-120 S Richfield,Yes,4,5214,1214,Interstate
0060P,Both,0,0.779,SR-26 to SR-168,No,1,14025,420,Level 1
0040P,Both,105.374,113.84,Duchesne River to State St Roosevelt,Yes,3,9173,831,Level 1
0070P,Positive,154.3,162.932,MP 154 to Green River Structure,Yes,4,6044,1614,Interstate
0040P,Both,97.693,105.374,MP 97.7 to Duchesne River,Yes,3,5984,884,Level 1
0070P,Positive,204.167,213.813,SR-128 W Cisco to E Cisco,Yes,4,6653,2328,Interstate
0059P,Both,18.903,22.206,Hurricane Cliff to SR-9,Yes,4,3802,458,Level 1
0040P,Both,97.206,97.693,Antelope Creek to MP 97.7,Yes,3,5865,879,Level 1
0059P,Both,11,18.903,Apple Valley to Brake Check,No,4,3800,456,Level 1
0059P,Both,0,11,Arizona State Line to Apple Valley,No,4,3641,410,Level 1
0040P,Both,86.795,97.206,Duchesne E City Limits to Antelope Creek,Yes,3,5483,927,Level 1
0070P,Positive,117,131.2,Moore to Sinbad,Yes,4,3320,1195,Interstate
0058P,Both,0,1.363,Nevada State Line to I-80,No,2,1770,159,Level 1
0040P,Both,85.85,86.795,Duchesne W City Limits to E City Limits,Yes,3,6376,1382,Level 1
0057P,Both,0,10.691,SR-10 to Wilberg Mine,No,4,181,14,Level 2
0056P,Both,60.027,61.502,Airport Rd to Main Street,Yes,4,13945,1112,Level 1
0040P,Both,68.247,85.85,SR-208 to Duchesne W City Limits,Yes,3,5200,1300,Level 1
0056P,Both,55.968,60.027,Iron Springs Rd to Airport Rd,Yes,4,5093,184,Level 1
0040P,Both,58.687,68.247,Duchesne Co Line to SR-208,Yes,3,4181,1027,Level 1
0056P,Both,45.747,55.968,Iron Moutain to Iron Springs Rd,No,4,1315,13,Level 1
0040P,Both,50.778,58.687,Soldier Creek Dam Rd to Duchesne Co Line,Yes,3,4910,981,Level 1
0070P,Positive,73.32,80.52,Spring Canyon to Wide Hollow,Yes,4,4188,1626,Interstate
0056P,Both,25.111,45.747,SR-18 Beryl Junction to Iron Mountain,No,4,1252,37,Level 1
0040P,Both,41.39,50.778,Strawberry Maint Sta to Soldier Creek Dam Rd,Yes,3,5025,1004,Level 1
0040P,Both,34.54,41.39,Daniels Summit to Strawberry Maint Sta,Yes,3,5088,888,Level 1
0071P,Both,9.719,10.233,9400 S to SR-209 9000 S,Yes,2,26340,1580,Level 1
0040P,Both,27.71,34.54,MP 27.7 Clegg Cyn to Daniels Summit,Yes,3,5100,867,Level 1
0071P,Both,18.276,22.465,SR-171 3300 S to SR-186 400 S,Yes,2,38671,773,Level 1
0056P,Both,19,25.111,MP 19 to SR-18 Beryl Junction,No,4,735,29,Level 2
0040P,Both,18.08,27.71,SR-189 to MP 27.7 Clegg Cyn,Yes,3,5820,930,Level 1
0068P,Both,60.806,62.883,1000 N to Davis Co Line,Yes,2,12645,850,Level 1
0056P,Both,14.8,19,MP 14.8 to 19,No,4,735,29,Level 2
0040P,Both,16.557,18.08,400 N Heber to SR-189,Yes,3,22019,2531,Level 1
0040P,Both,12.81,16.557,End of Concrete to 400 N Heber,Yes,3,18122,1291,Level 1
0071P,Both,0,2.377,"SR-154, Bangerter Hwy to Redwood Rd",Yes,2,22893,915,Level 1
0056P,Both,11.4,14.8,MP 11.4 to MP 14.8,No,4,735,29,Level 2
0040P,Both,6.092,12.81,Wasatch Co Line to End of Concrete,Yes,3,19048,1196,Level 1
0056P,Both,7.4,11.4,MP 7.4 to MP 11.4,No,4,635,25,Level 2
0056P,Both,4,7.4,MP 4 to MP 7.4,No,4,480,19,Level 2
0040P,Both,3.998,6.092,SR-248 Quinns to Wasatch Co Line,Yes,2,20108,1832,Level 1
0070P,Positive,0,7.346,I-15 to Clear Creek Summit,Yes,4,3786,1306,Interstate
0056P,Both,0,4,Nevada State Line to MP 4,No,4,480,19,Level 2
0040P,Both,0,3.998,I-80 to SR-248 Quinns,Yes,2,25851,3619,Level 1
0070P,Positive,181.497,192.912,SR-191 Crescent Junction to Yellowcat,Yes,4,6869,2315,Interstate
0055P,Both,0,2.942,Price Business Loop,Yes,4,9308,465,Level 1
0038P,Both,14.011,18.952,SR-102 to SR-30,No,1,2185,218,Level 1
0039P,Both,60.036,67.744,Birch Creek to SR-16,No,1,251,30,Level 2
0054P,Both,0,1.344,Main Street Mona to I-15,No,3,1200,168,Level 1
0039P,Both,53.3,60.036,Millie Springs to Birch Creek,No,1,240,28,Level 2
0053P,Both,1.625,1.949,Lincoln Viaduct to SR-89,Yes,1,16019,6567,Level 1
0053P,Both,0.986,1.625,Lincoln Viaduct,Yes,1,20305,8325,Level 1
0039P,Both,48.35,53.3,National Forest to Millie Springs,No,1,240,28,Level 2
0070P,Positive,141.1,147,MP 141.1 to MP 147,Yes,4,3320,1029,Interstate
0053P,Both,0,0.986,I-15 to Lincoln Viaduct,Yes,1,16333,711,Level 1
0039P,Both,43.691,48.35,Cache Co Line to National Forest,No,1,298,33,Level 2
0052P,Both,3.319,4.122,1000 E to SR-189,Yes,3,14510,435,Level 1
0039P,Both,34.385,43.691,Limestone Springs to Cache Co Line,No,1,310,34,Level 2
0052P,Both,1.543,3.319,400 W to 1000 E,Yes,3,28294,848,Level 1
0039P,Both,27.718,34.385,Causey to Limestone Springs,No,1,310,34,Level 2
0070P,Positive,56,63.326,SR-89 Salina to Gooseberry,Yes,4,5229,1765,Interstate
0052P,Both,0.403,1.543,MP 0.403 to 400 W,Yes,3,29564,901,Level 1
0039P,Both,19.324,27.718,Huntsville to Causey,No,1,1472,143,Level 1
0039P,Both,17.702,19.324,SR-167 to Huntsville,No,1,3950,276,Level 1
0070P,Positive,100,108.2,Muddy Creek to Salt Wash,Yes,4,3177,1301,Interstate
0052P,Both,0,0.403,SR-114 800 N Orem to MP 0.403,No,3,5125,204,Level 1
0039P,Both,13.792,17.702,SR-158 to SR-167,No,1,3613,167,Level 1
0051P,Both,0,3.339,SR-147  Spanish Fork to SR-89 Springville,No,3,7201,341,Level 1
0039P,Both,7.713,13.792,SR-203 to SR-158,No,1,7938,158,Level 1
0071P,Both,15.709,16.514,SR-152 Van Winkle Expy to SR-266 4500 S,Yes,2,25415,762,Level 1
0050P,Both,158.133,158.527,400 W Salina to SR-89,No,4,3260,489,Level 1
0039P,Both,6.396,7.713,SR-89 to SR-203,Yes,1,18325,366,Level 1
0068P,Both,65.133,67.268,600 N to 500 S,Yes,1,9445,1042,Level 1
0050P,Both,149.13,158.133,Seiver Co Line to 400 W Salina,No,4,3040,892,Level 1
0039P,Both,5.865,6.396,SR-204 to SR-89,Yes,1,21099,660,Level 1
0071P,Both,6.016,8.212,12300 S to 10600 S,Yes,2,11456,598,Level 1
0050P,Both,129.816,149.13,Resume at I-15 Scipio to Sevier Co Line,No,4,2987,988,Level 1
0039P,Both,4.153,5.865,I-15 to SR-204,Yes,1,22375,1814,Level 1
0070P,Positive,17.737,31.89,Belknap to Elsinore,Yes,4,4690,1442,Interstate
0050P,Both,116.318,119.723,SR-64 to Temp End at I-15,Yes,4,837,225,Level 1
0039P,Both,3.52,4.153,SR-126 to I-15,Yes,1,17703,1871,Level 1
0070P,Positive,162.932,174.96,Green River Structure to Floy,Yes,4,7395,1868,Interstate
0050P,Both,113.137,116.318,MP 113.1 to SR-64 Holden,Yes,4,780,210,Level 1
0038P,Both,8.29,14.011,SR-240 to SR-102,No,1,1300,168,Level 1
0091P,Both,0,1.965,I-15 to SR-13,Yes,1,18712,2993,Level 1
0089P,Both,124.32,130.453,SR-12 to Panguitch,Yes,4,2455,638,Level 1
0084P,Positive,0,8.011,Idaho State Line to MP 8 E of Snowville,Yes,1,7118,2776,Interstate
0089P,Both,379.881,380.641,SR-186 N Temple to SR-268 600 N on 300 W,Yes,2,18325,366,Level 1
0101P,Both,13.081,21.811,Left Hand Fork to Hardware Ranch,No,1,357,21,Level 2
0089P,Both,326.518,327.776,1200 N Mapleton to 700 S Springville,Yes,3,11203,1370,Level 1
0083P,Both,23.687,30.726,1200 N to I-84,No,1,170,5,Level 2
0089P,Both,168.36,173.384,Piute Lake State Park to MP 173.4,Yes,4,1190,416,Level 1
0083P,Both,19.012,23.687,ATK to 1200 N,No,1,1345,67,Level 1
0089P,Both,431.098,433.555,3000 S to Temp End at SR-91 Brigham City,Yes,1,13445,1344,Level 1
0089P,Both,115.741,124.32,Hatch to SR-12,Yes,4,1994,541,Level 1
0083P,Both,16.527,19.012,Lampo Jct to to ATK,No,1,1345,67,Level 1
0089P,Both,362.547,363.407,Resume at SR-71 12300 S Draper to 11400 S,Yes,2,15970,638,Level 1
0095P,Both,106,116,MP 106 to MP 116,No,4,405,170,Level 2
0083P,Both,13.057,16.527,SR-102 to Lampo Jct,No,1,2870,229,Level 1
0091P,Both,34.635,40.004,N Smithfield to Richmond,Yes,1,11883,1168,Level 1
0083P,Both,6.989,13.057,Salt Creek to SR-102,No,1,3085,308,Level 1
0092P,Both,5.56,7.454,SR-74 to SR-146,Yes,3,11202,458,Level 1
0089P,Both,154.416,157.5,MP 154.4 to Circleville,Yes,4,1115,189,Level 1
0083P,Both,0,6.989,SR-13 to Salt Creek,No,1,3473,409,Level 1
0089P,Both,416.463,417.408,SR-235 to SR-204 Wall Ave,Yes,1,8821,793,Level 1
0089P,Both,107.785,115.741,Garfield Co Line to Hatch,Yes,4,1475,467,Level 1
0082P,Both,2,3.178,Garland to SR-13,No,1,1808,126,Level 1
0089P,Both,342.21,345.436,2000 N Orem to Center St Pleasant Grove,Yes,3,30022,900,Level 1
0095P,Both,68,80,MP 68 to MP 80,No,4,145,52,Level 2
0091P,Both,21.821,25.651,3200 S to SR-165,Yes,1,19508,941,Level 1
0089P,Both,103.55,107.785,SR-14 Long Valley Junction to Garfield Co Line,Yes,4,1460,466,Level 1
0082P,Both,0,2,SR-102 to Garland,No,1,5029,301,Level 1
0089P,Both,399.705,403.518,200 N to Sunset Dr,Yes,1,30919,1474,Level 1
0089P,Both,96.96,103.55,Large Wash to SR-14 Long Valley Junction,Yes,4,1605,481,Level 1
0089P,Both,324.191,326.518,2400 S Mapleton to 1200 N Mapleton,Yes,3,7367,1022,Level 1
0089P,Both,90.064,96.96,Glendale to Large Wash,Yes,4,1605,481,Level 1
0081P,Both,0,2.475,SR-30 to Fielding,No,1,615,36,Level 2
0089P,Both,411.685,412.189,40th St to 36th St,Yes,1,19930,1195,Level 1
0089P,Both,85.823,90.064,Virgin River Bridge to Glendale,Yes,4,2246,604,Level 1
0080P,Positive,191.69,196.68,Wahsatch to Wyoming State Line,Yes,2,13960,6561,Interstate
0089P,Both,336.03,337.47,1230 N to 1600 S Orem,Yes,3,39905,798,Level 1
0095P,Both,26.046,34.7,SR-276 to Marinus Wash,No,4,227,65,Level 2
0089P,Both,256.518,261.633,Manti to Ephraim,Yes,4,5225,626,Level 1
0091P,Both,6.638,10.113,Mantua to Sardine Summit,Yes,1,16280,2442,Level 1
0089P,Both,81.287,85.823,SR-9 to Virgin River Bridge,Yes,4,2504,514,Level 1
0080P,Positive,184.126,191.69,Castle Rock to Wahsatch,Yes,2,13933,6341,Interstate
0089P,Both,383.774,384.879,Davis Co Line to Eagleridge,Yes,1,36860,737,Level 1
0102P,Both,9.442,14,Thatcher to I-84 Tremonton,No,1,1075,193,Level 1
0080P,Positive,178.703,184.126,Emory to Castle Rock,Yes,2,13980,6011,Interstate
0092P,Both,22.398,27.272,Fee Station Gate to SR-189,No,3,702,42,Level 2
0089P,Both,180.87,183.98,Beaver Creek to Seiver Co Line,Yes,4,1320,132,Level 1
0080P,Positive,167.689,178.703,Echo to Emory,Yes,2,13942,5853,Interstate
0095P,Both,9.05,12,MP 9 to MP 12,No,4,755,173,Level 2
0089P,Both,233.292,238.517,SR-256 to Centerfield,Yes,4,3072,611,Level 1
0089P,Both,498.512,502.577,Garden City to Idaho State Line,Yes,1,2365,70,Level 1
0089P,Both,76.528,81.287,Rd to Coral Pink Sand Dunes to SR-9,Yes,4,3005,512,Level 1
0080P,Positive,162.592,167.689,SR-280 Coalville to Echo,Yes,2,12252,3422,Interstate
0089P,Both,334.855,335.59,End of White Topping to 800 N Provo,Yes,3,22395,895,Level 1
0089P,Both,378.552,379.145,State Street to 300 W on 400 S,Yes,2,21921,493,Level 1
0101P,Both,0,5.927,SR-23 Wellsville to SR-165,No,1,4045,242,Level 1
0080P,Positive,154.972,162.592,SR-32 Wanship to SR-280 Coalville,Yes,2,12945,4867,Interstate
0089P,Both,162.64,164.1,SR-62 to SR-153,Yes,4,1265,290,Level 1
0080P,Positive,148.268,154.972,SR-40 Silver Creek Junction to SR-32 Wanship,Yes,2,13987,4219,Interstate
0089P,Both,422.768,427.779,SR-126 to Center St Willard,Yes,1,9565,770,Level 1
0089P,Both,72.357,76.528,MP 72.4 to Rd to Coral Pink Sand Dunes,Yes,4,3015,512,Level 1
0080P,Positive,145.178,148.268,Fire Station to SR-40 Silver Creek Junction,Yes,2,26380,6687,Interstate
0080P,Positive,143.067,145.178,HI-UTE Ranch to Fire Station,Yes,2,41783,9356,Interstate
0089P,Both,467.323,472.621,Valhalla to RH Fork,Yes,1,4646,968,Level 1
0089P,Both,64.943,72.357,300 N Kanab to MP 72.4,Yes,4,3015,512,Level 1
0080P,Positive,136.113,143.067,Lambs Canyon to HI-UTE Ranch,Yes,2,45697,8188,Interstate
0089P,Both,366.464,368.75,SR-209 9000 S to SR-48 7200 S,Yes,2,23673,710,Level 1
0096P,Both,11.393,22.759,Scofield Reservoir Dam to SR-6,No,4,557,149,Level 2
0080P,Positive,128.794,136.113,Stillmans Bridge to Lambs Canyon,Yes,2,46108,4950,Interstate
0089P,Both,333.457,334.573,700 E to 500 W on 300 S Provo,Yes,3,18797,1127,Level 1
0092P,Both,0.33,4.399,Begin Concrete to End Concrete,Yes,3,20214,1385,Level 1
0089P,Both,141.153,151.32,SR-20 Orton Junction to Circleville Canyon,Yes,4,1115,189,Level 1
0080P,Positive,127.596,128.794,End of Concrete to Stillmans Bridge,Yes,2,33913,2692,Interstate
0089P,Both,414.216,415.425,22nd St to SR-39 12th St,Yes,1,24417,2500,Level 1
0089P,Both,62.908,64.943,900 E to 300 N Kanab,Yes,4,7294,1312,Level 1
0080P,Positive,125.072,127.596,1300 E to End of Concrete,Yes,2,70096,4906,Interstate
0089P,Both,339.759,340.707,100 N to SR-52 800 N Orem,Yes,3,43645,872,Level 1
0095P,Both,40.88,47.42,Hite Overlook to Colorado River Bridge,No,4,225,65,Level 2
0089P,Both,347.36,350.056,SR-180 to SR-73 Lehi,Yes,3,25348,1284,Level 1
0095P,Both,99.439,101.83,MP 99.4 to MP 101.8,No,4,405,170,Level 2
0080P,Positive,124.125,125.072,700 E to 1300 E,Yes,2,101743,7095,Interstate
0091P,Both,27.913,32.468,10th N to S Smithfield,Yes,1,26999,2930,Level 1
0089P,Both,55.05,62.908,Johnson Canyon to 900 E Kanab,Yes,4,2685,510,Level 1
0080P,Positive,123.231,124.125,SR-89 State St to 700 E,Yes,2,115569,6860,Interstate
0089P,Both,406.208,408.379,Weber River to SR-203,Yes,1,46447,3764,Level 1
0089P,Both,46.036,55.05,MP 46 to Johnson Canyon,Yes,4,2142,406,Level 1
0080P,Positive,122.028,123.231,Resume at I-15 to SR-89 State Street,Yes,2,119415,3582,Interstate
0095P,Both,19,22.69,MP 19 to MP 22.7,No,4,755,173,Level 2
0089P,Both,246.46,254.822,Sanpitch River Bridge to Manti,Yes,4,2927,269,Level 1
0091P,Both,1.965,3.48,SR-13 to SR-90,Yes,1,19760,2964,Level 1
0089P,Both,37.81,46.036,Bucksin Gulch to MP 46,Yes,4,2115,401,Level 1
0080P,Positive,117.862,119.591,SR-68 Redwood Rd to Temp End at I-15,Yes,2,57950,2318,Interstate
0091P,Both,16.939,19.177,SR-23 to SR-101,Yes,1,15600,1404,Level 1
0089P,Both,29.9,37.81,Old Paria to Buckskin Gulch,Yes,4,2115,401,Level 1
0080P,Positive,115.374,117.862,SR-154 Bangerter Hwy to SR-68 Redwood Rd,Yes,2,58551,5390,Interstate
0089P,Both,395.586,398.072,Resume at I-15 Lagoon to Cherry Hills,Yes,1,31448,3442,Level 1
0102P,Both,17.499,20.072,SR-13 to SR-38 Deweyville,No,1,2332,349,Level 1
0089P,Both,21.109,29.9,Paria River to Old Paria,Yes,4,2115,401,Level 1
0080P,Positive,112.478,115.374,6000 W to SR-154 Bangerter Hwy,Yes,2,37272,5593,Interstate
0095P,Both,0,4.87,SR-24 Hanksville to Dry Valley,No,4,755,173,Level 2
0089P,Both,226.875,227.626,Salina Main Street,Yes,4,4599,721,Level 1
0089P,Both,486.854,492.119,Beaver Creek to Rich Co Line,Yes,1,1701,71,Level 1
0089P,Both,10.084,21.109,Buck Tank Draw to Paria River,Yes,4,2115,401,Level 1
0080P,Positive,106.075,112.478,MP 106.1 E of Salt Air to 6000 W,Yes,2,21547,5321,Interstate
0089P,Both,374.27,377.762,SR-171 3300 S to 900 S SLC,Yes,2,26439,793,Level 1
0099P,Both,0,4.193,I-15 to I-15 Fillmore Main Street,No,4,2374,213,Level 1
0089P,Both,322.276,324.191,Resume at SR-6 Moark Junction to 2400 S Mapleton,Yes,3,5469,820,Level 1
0080P,Positive,102.53,106.075,End of Asphalt to MP 106.1 E of Salt Air,Yes,2,21122,5907,Interstate
0089P,Both,380.641,381.495,SR-268 600 N to SR-186 Victory Rd,Yes,2,10580,211,Level 1
0102P,Both,0,5,SR-83 to Penrose,No,1,350,63,Level 2
0089P,Both,306.853,312.784,Birdseye to Temp End at SR-6 Thistle,Yes,3,2345,70,Level 1
0080P,Positive,101.814,102.53,SR-201 Lakepoint to End of Asphalt,Yes,2,20715,6214,Interstate
0092P,Both,8.255,14.485,MP 8.3 Trail Head to Gate,No,3,810,38,Level 2
0089P,Both,173.384,178.95,MP 173.4 to Marysvale,Yes,4,1192,415,Level 1
0080P,Positive,98.619,101.814,SR-36 Tooele to SR-201 Lakepoint,Yes,2,33408,4833,Interstate
0089P,Both,458.97,461.54,Resume at SR-91 Logan to Canyon Rd,Yes,1,10082,1317,Level 1
0089P,Both,0,10.084,Arizona State Line to Buck Tank Draw,Yes,4,2820,535,Level 1
0080P,Positive,94.255,98.619,Begin Concrete to SR-36 Tooele,Yes,2,10315,1650,Interstate
0089P,Both,363.407,364.42,11400 S to SR-151 10600 S Sandy,Yes,2,26855,805,Level 1
0095P,Both,116,121.351,MP 116 to SR-191 Blanding,No,4,405,170,Level 2
0080P,Positive,88.395,94.255,Burmester Railroad Bridge to Begin Concrete,Yes,2,10313,1651,Interstate
0091P,Both,40.004,45.271,Richmond to Idaho State Line,No,1,8471,457,Level 1
0089P,Both,130.453,131.884,Panguitch Main Street,Yes,4,3188,763,Level 1
0080P,Positive,76.402,88.395,SR-196 Rowley to Burmester Railroad Bridge,Yes,2,9689,2107,Interstate
0089P,Both,412.189,413.624,36th St to 26th St,Yes,1,24796,1812,Level 1
0092P,Both,7.454,7.707,SR-146 to Fee Station Gate,No,3,2507,79,Level 1
0089P,Both,157.5,159.77,Circleville,Yes,4,1540,240,Level 1
0080P,Positive,69.521,76.402,Delle to SR-196 Rowley,Yes,2,8130,2114,Interstate
0089P,Both,417.408,420.292,SR-204 to SR-134 2700 S,Yes,1,12730,1018,Level 1
0088P,Both,0,16.996,S End Green River Bridge at Ouray to SR-40,No,3,2328,558,Level 1
0080P,Positive,61.837,69.521,Lakeside to Delle,Yes,2,7925,2377,Interstate
0089P,Both,345.436,347.097,Center St Pleasant Grove to 700 E American Fork,Yes,3,25466,862,Level 1
0095P,Both,80,96,MP 80 to MP 96,No,4,238,75,Level 2
0091P,Both,25.651,26.886,SR-165 to SR-30,Yes,1,35356,2659,Level 1
0087P,Both,29.907,38.159,11815 W to Arcadia to SR-40,No,3,1185,201,Level 1
0080P,Positive,56.195,61.837,Aragonite to Lakeside,Yes,2,7630,2746,Interstate
0089P,Both,403.518,405.338,Sunset Dr to Deer Run,Yes,1,37135,3872,Level 1
0087P,Both,20.946,29.907,1600 W Left to Altonah to 11815 W to Arcadia,No,3,1278,184,Level 1
0089P,Both,301.853,306.853,Boys Ranch to Birdseye,Yes,3,2345,70,Level 1
0080P,Positive,48.94,56.195,Clive to Aragonite,Yes,2,7550,3095,Interstate
0095P,Both,12,16.44,MP 12 to Garfield Co Line,No,4,755,173,Level 2
0087P,Both,16,20.946,MP 16 to 1600 W Left to Altonah,No,3,1176,146,Level 1
0080P,Positive,41.278,48.94,Knolls to Clive,Yes,2,7290,3426,Interstate
0089P,Both,337.47,338.272,1600 S to 1000 S Orem,Yes,3,41531,830,Level 1
0095P,Both,34.7,38,Marinus Wash to MP 38,No,4,225,65,Level 2
0089P,Both,261.633,263.7,Ephraim Main Street,Yes,4,7232,930,Level 1
0091P,Both,10.113,12.699,Sardine Summit to Sherwood,Yes,1,16280,2442,Level 1
0087P,Both,5.947,16,SR-35 to MP 16,No,3,721,86,Level 2
0080P,Positive,30,41.278,MP 30 to Knolls,Yes,2,7320,3220,Interstate
0089P,Both,384.879,386.801,Eagleridge to SR-93,Yes,1,18206,888,Level 1
0102P,Both,14,16.492,I-84 Tremonton to SR-82,No,1,5904,1062,Level 1
0087P,Both,0,5.947,SR-40 Duchesne to SR-35,No,3,3034,364,Level 1
0089P,Both,297.038,301.853,Utah Co Line to Boys Ranch,Yes,3,2345,70,Level 1
0080P,Positive,20,30,MP 20 to MP 30,Yes,2,7320,3220,Interstate
0093P,Both,0,0.365,800 W to SR-89 Woods Cross,No,1,28035,1401,Level 1
0089P,Both,183.98,191.74,Seiver Co Line to Temp End at I-70 Seiver Jct,Yes,4,1320,132,Level 1
0089P,Both,472.621,479.841,RH Fork to Tony Grove,Yes,1,6085,973,Level 1
0086P,Both,0,2.141,I-84 to SR-65,No,2,485,24,Level 2
0089P,Both,238.517,241.434,Centerfield to SR-28 Gunnison,Yes,4,4344,878,Level 1
0090P,Both,0,1.178,SR-13 to SR-91 Brigham city,No,1,6608,726,Level 1
0085P,Positive,12.461,18.658,Old Bingham Hwy to SR-173 5400 S,Yes,2,2000,180,Level 1
0080P,Positive,10,20,MP 10 to MP 20,Yes,2,7320,3220,Interstate
0089P,Both,379.145,379.881,400 S to N Temple on 300 W,Yes,2,17465,349,Level 1
0101P,Both,5.927,13.081,SR-165 to Left Hand Fork,No,1,1104,66,Level 2
0089P,Both,289.77,297.038,Hilltop Rd to Utah Co Line,Yes,4,1846,112,Level 1
0080P,Positive,0,10,Nevada State Line to MP 10,Yes,2,7350,3226,Interstate
0089P,Both,164.1,168.36,SR-153 to Piute Lake State Park,Yes,4,1201,404,Level 1
0079P,One Way,4.87,5.705,Resume at SR-89 on 30th St 1 Way WB to Merge,Yes,1,9100,1455,Level 1
0089P,Both,427.779,431.098,Center St Willard to 3000 S,Yes,1,9239,1027,Level 1
0085P,Positive,7.905,12.461,13400 S to Old Bingham Hwy,Yes,2,2000,180,Level 1
0079P,Both,3.729,4.869,Resume at SR-89 on 30th St to Temp End at SR-203 Harrison Blvd,Yes,1,7374,1179,Level 1
0089P,Both,350.056,353.061,SR-73 Lehi to Temp End at SR-85 2100 N Lehi,Yes,3,14412,948,Level 1
0095P,Both,101.83,106,MP 101.8 to MP 106,No,4,405,170,Level 2
0079P,One Way,3.077,3.728,Railroad Bridge to Temp End at SR-89 1 way EB on 31st St,Yes,1,7976,1382,Level 1
0079P,Both,0.745,3.077,SR-126 to Railroad Bridge on Hinkley Dr,No,1,17918,3526,Level 1
0089P,Both,368.75,369.623,SR-48 7200 S to 6400 S Midvale,Yes,2,28908,867,Level 1
0097P,Both,0,2.557,SR-37 Hooper to 3900 W,No,1,10641,3298,Level 1
0079P,Both,0,0.745,SR-108 Midland Dr to SR-126 on Hinkley Dr,No,1,9970,2193,Level 1
0089P,Both,328.751,333.457,300 N Springville to 300 S Provo,Yes,3,20943,1794,Level 1
0092P,Both,4.399,5.56,End Concrete to SR-74,Yes,3,17889,961,Level 1
0089P,Both,151.32,154.416,Circleville Canyon to MP 154.4,Yes,4,1115,189,Level 1
0078P,Both,0,9.418,I-15 Mills Junction to SR-28 Levan,No,3,656,459,Level 1
0089P,Both,415.425,416.463,SR-39 to SR-235 Washington Blvd,Yes,1,27720,2771,Level 1
0085P,Positive,3.528,7.905,Porter Rockwell Blvd to 13400 S,Yes,2,2000,180,Level 1
0077P,Both,7.114,9.069,I-15 to SR-89  Springville,Yes,3,19436,1166,Level 1
0089P,Both,340.707,342.21,SR-52 800 N to 2000 N Orem,Yes,3,41305,1239,Level 1
0095P,Both,47.42,68,Colorado River Bridge to MP 68,No,4,149,53,Level 2
0091P,Both,19.177,21.821,SR-101 to 3200 S,Yes,1,20390,815,Level 1
0085P,Positive,2.978,3.528,SR-68 to SR-85 via Porter Rockwell Blvd,Yes,2,2000,180,Level 1
0091P,Both,32.468,34.635,S Smithfield to N Smithfield,Yes,1,19479,2568,Level 1
0085P,Positive,0,2.977,I-15 to Temp End at SR-68 on 2100 N Lehi,Yes,3,11309,1017,Level 1
0077P,Both,6.627,7.114,Spanish Fork Main St  to I-15,No,3,4976,298,Level 1
0089P,Both,408.379,411.685,SR-203 to 40th St,Yes,1,21591,1431,Level 1
0084P,Positive,115.399,119.773,SR-65 N Henifer to I-80,Yes,2,8045,3218,Interstate
0077P,Both,5.685,6.627,MP 5.7 to Spanish Fork Main St,No,3,2640,184,Level 1
0089P,Both,335.59,336.03,800 N to 1230 N Provo,Yes,3,31095,932,Level 1
0095P,Both,22.69,26.046,MP 22.7 to SR-276,No,4,755,173,Level 2
0089P,Both,254.822,256.518,Manti Main Street,Yes,4,3801,395,Level 1
0091P,Both,3.48,6.638,SR-90 to Mantua,Yes,1,18098,2655,Level 1
0084P,Positive,112.229,115.399,Summit Co Line to SR-65 N Henifer,Yes,2,7275,2703,Interstate
0077P,Both,0,5.685,SR-147 to MP 5.7,No,3,2093,146,Level 1
0089P,Both,381.495,383.774,SR-186 Victory Rd to Davis Co Line,Yes,2,22721,454,Level 1
0102P,Both,5,9.442,Penrose to Thatcher,No,1,350,62,Level 2
0089P,Both,284.131,289.77,SR-31 Fairview to Hilltop Rd,Yes,4,1540,123,Level 1
0076P,Both,0,2.431,Cattleguard E of I-70 to SR-72,No,4,525,99,Level 2
0075P,Both,0,2.023,I-15 NB Ramps Springville to SR-89,Yes,3,10800,431,Level 1
0089P,Both,398.072,399.705,Cherry Hills to 200 N,Yes,1,31433,2056,Level 1
0103P,Both,0,0.225,SR-126 Clearfield to Hill AFB Main Gate,No,1,16355,490,Level 1
0084P,Positive,102.22,112.229,SR-66 Morgan to Summit Co Line,Yes,1,8751,3412,Interstate
0089P,Both,278.403,284.131,Mt Pleasant to SR-31 Fairview,Yes,4,3315,232,Level 1
0074P,Both,5,5.058,MP 5 to SR-74,No,3,14685,293,Level 1
0095P,Both,4.87,9.05,Dry Valley to MP 9,No,4,755,173,Level 2
0089P,Both,227.626,233.292,Salina to SR-256,Yes,4,3435,580,Level 1
0089P,Both,492.119,498.512,Rich Co Line to Garden City,Yes,1,2087,70,Level 1
0084P,Positive,92.36,102.22,SR-167 Mt Green to Structure over 600 N Morgan,Yes,1,12421,2876,Interstate
0074P,Both,4.409,5,MP 4.4 to MP 5,No,3,13930,278,Level 1
0089P,Both,334.573,334.855,300 S Provo to Begin White Topping,Yes,3,25990,1299,Level 1
0089P,Both,377.762,378.552,900 S to SR-186 400 S SLC,Yes,2,20960,628,Level 1
0100P,Both,0,16.934,SR-99 Fillmore to SR-50,No,4,627,50,Level 2
0089P,Both,276.356,278.403,Mt Pleasant State Street,Yes,4,3562,457,Level 1
0074P,Both,3.896,4.409,MP 3.9 to MP 4.4,No,3,12520,250,Level 1
0092P,Both,7.707,8.255,Fee Station Gate to MP 8.3 Trail Head,No,3,1661,38,Level 1
0089P,Both,159.77,162.64,Circleville to SR-62,Yes,4,1688,311,Level 1
0074P,Both,1.76,3.896,MP 1.8 to MP 3.9,No,3,13216,349,Level 1
0092P,Both,14.485,22.398,Gate to Fee Station Gate,No,3,410,24,Level 2
0089P,Both,178.95,180.87,Marysvale to Beaver Creek,Yes,4,1341,154,Level 1
0074P,Both,0,1.76,SR-89 American Fork to MP 1.76,No,3,16960,1215,Level 1
0089P,Both,461.54,467.323,Canyon Rd to Valhalla,Yes,1,4305,947,Level 1
0084P,Positive,87.633,92.36,SR-89 S Ogden to SR-167 Mt Green,Yes,1,18370,3667,Interstate
0073P,Both,36.422,36.886,Resume at 850 East Lehi to SR-89,Yes,3,20625,412,Level 1
0089P,Both,364.42,366.464,SR-151 10600 S to SR-209 9000 S Sandy,Yes,2,27127,813,Level 1
0096P,Both,0,11.393,Clear Creek to Scofield Reservoir Dam,No,4,442,114,Level 2
0073P,Both,33.876,36.421,Mt Airey Dr to Temp End at SR-68 Redwood Rd,Yes,3,19500,1365,Level 1
0089P,Both,327.776,328.751,700 S to 300 N Springville,Yes,3,20972,2306,Level 1
0092P,Both,0,0.33,I-15 Alpine to Begin Concrete,Yes,3,22845,1599,Level 1
0089P,Both,131.884,141.153,SR-143 Panguitch to SR-20 Orton Junction,Yes,4,2523,554,Level 1
0073P,Both,31,33.876,MP 31 to Mt Airey Dr,Yes,3,6649,465,Level 1
0089P,Both,413.624,414.216,26th St to 22nd St,Yes,1,20313,2338,Level 1
0084P,Positive,81.44,87.633,SR-26 Riverdale Rd to SR-89 S Ogden,Yes,1,18182,3361,Interstate
0089P,Both,272.118,276.356,MP 272.1 to SR-117 Mt Pleasant,Yes,4,2345,375,Level 1
0073P,Both,25,31,MP 25 to MP 31,Yes,3,3528,246,Level 1
0089P,Both,338.272,339.759,1000 S to 100 N Orem,Yes,3,45841,916,Level 1
0095P,Both,38,40.88,MP 38 to Hite Overlook,No,4,225,65,Level 2
0089P,Both,420.292,422.768,SR-134 to SR-126,Yes,1,7176,494,Level 1
0084P,Positive,81.043,81.44,Resume at I-15 to SR-26 Riverdale Rd,Yes,1,16930,3047,Interstate
0089P,Both,267.231,272.118,SR-132 Pigeon Hollow to MP 272.1,Yes,4,2410,385,Level 1
0073P,Both,21,25,MP 21 to MP 25,Yes,3,2510,150,Level 1
0089P,Both,347.097,347.36,700 E to SR-180 500 E American Fork,Yes,3,23135,925,Level 1
0095P,Both,96,99.439,MP 96 to MP 99.4,No,4,405,170,Level 2
0073P,Both,15.796,21,Utah Co Line to MP 21,Yes,3,1600,96,Level 1
0091P,Both,26.886,27.913,SR-30 to 10th N,Yes,1,31320,2818,Level 1
0084P,Positive,40.28,42.716,SR-102 Tremonton to Temp End at I-15,Yes,1,9765,2952,Interstate
0073P,Both,8.705,15.796,Mercur to Utah Co Line,Yes,2,906,45,Level 1
0089P,Both,405.338,406.208,Deer Run to Weber River,Yes,1,44513,4206,Level 1
0084P,Positive,29.84,40.28,SR-83 Howell to SR-102 Tremonton,Yes,1,8002,3228,Interstate
0089P,Both,263.7,267.231,Ephraim to SR-132 Pigeon Hollow,Yes,4,5100,765,Level 1
0073P,Both,0,8.705,SR-36 to Mercur,Yes,2,1452,72,Level 1
0095P,Both,16.44,19,Garfield Co Line to MP 19,No,4,755,173,Level 2
0089P,Both,241.434,246.46,SR-28 Gunnison to Sanpitch River Bridge,Yes,4,2403,251,Level 1
0091P,Both,12.699,16.939,Sherwood to SR-23,Yes,1,16280,2442,Level 1
0084P,Positive,19.779,29.84,Rattlesnake to SR-83 Howell,Yes,1,7892,3450,Interstate
0072P,Both,33.641,35.362,Post Hollow Wash to I-70,No,4,50,5,Level 2
0089P,Both,386.801,389.531,SR-93 to Temp End at I-15 Bountiful,Yes,1,15996,1183,Level 1
0102P,Both,16.492,17.499,SR-82 to SR-13 Haws Corner,No,1,6725,1075,Level 1
0084P,Positive,15.827,19.779,Hansel Valley to Rattlesnake,Yes,1,7786,3721,Interstate
0072P,Both,21.827,33.641,Paradise to Post Hollow Wash,No,4,95,11,Level 2
0094P,Both,0,0.958,I-70 to Thompson Springs,No,4,755,234,Level 1
0089P,Both,225.362,226.875,Resume at I-70 Salina to Salina,Yes,4,4544,681,Level 1
0089P,Both,479.841,486.854,Tony Grove to Beaver Creek,Yes,1,2525,275,Level 1
0084P,Positive,8.011,15.827,MP 8 E of Snowville to Hansel Valley,Yes,1,7735,3017,Interstate
0072P,Both,6.964,21.827,Fremont to Paradise Valley,No,4,121,14,Level 2
0089P,Both,369.623,374.27,6400 S to SR-171 3300 S Murray,Yes,2,31128,933,Level 1
0097P,Both,2.557,5.347,3900 W to Hill AFB Gate,No,1,19343,5996,Level 1
0126P,Both,0,1.591,I-15 Layton to SR-232,Yes,1,22285,891,Level 1
0134P,Both,11.243,12.395,SR-126 to SR-89,Yes,1,16012,480,Level 1
0125P,Both,10.1,21.855,Oak City to SR-132 Leamington,No,4,280,11,Level 2
0125P,Both,5.563,10.1,MP 5.6 to MP 10.1 Oak city,No,4,778,31,Level 2
0125P,Both,3.3,5.563,MP 3.3 to MP 5.6,No,4,1050,42,Level 1
0134P,Both,5.987,11.243,Weber River to SR-126,No,1,2999,121,Level 1
0125P,Both,0.1,3.3,MP 0.1 to MP 3.3,No,4,1050,42,Level 1
0125P,Both,0,0.1,SR-50 & SR-136 to MP 0.1,No,4,1050,42,Level 1
0124P,Both,0,7.956,Horse Canyon Mine to SR-123 Sunnyside,No,4,114,2,Level 2
0123P,Both,3,11.421,MP 3 to SR-124 Sunnyside,No,4,1548,510,Level 1
0134P,Both,0,5.987,SR-37 Kanesville to Weber River,No,1,3767,396,Level 1
0123P,Both,0,3,SR-6 Sunnyside Junction to MP 3,No,4,1885,622,Level 1
0134P,Both,12.395,14.304,SR-89 to SR-235 Washington Blvd,No,1,14351,430,Level 1
0122P,Both,6.1,8.751,Watis Rd to SR-10,No,4,545,10,Level 2
0122P,Both,4.4,6.1,MP 4.4 to Watis Rd,No,4,116,2,Level 2
0133P,Both,0,7.183,S Kanosh City Limits to I-15 Meadow,No,4,708,63,Level 2
0122P,Both,0,4.4,Hiawatha Town to MP 4.4,No,4,60,1,Level 2
0132P,Both,56,63.132,MP 56 Moroni to SR-89 Pigeon Hollow Junction,No,4,2168,260,Level 1
0121P,Both,37.804,40.293,2500 W Maser to SR-40,No,3,8065,725,Level 1
0132P,Both,46.917,56,MP 46.9 Fountain Green to MP 56 Moroni,No,4,2955,353,Level 1
0121P,Both,34.43,37.804,MP 34.43 to 2500 W Maser,No,3,1675,150,Level 1
0132P,Both,41.859,46.917,Sanpete Co Line to MP 46.9 Fountain Green,No,4,2813,278,Level 1
0121P,Both,31.2,34.43,MP 31.2 to MP 34.43,No,3,1675,150,Level 1
0132P,Both,34.33,41.859,I-15 SB to Sanpete Co Line,No,3,3096,257,Level 1
0121P,Both,22.494,31.2,9500 E to MP 31.20,No,3,1554,142,Level 1
0121P,Both,17.493,22.494,7000 N Leeton to 9500 E,No,3,845,84,Level 2
0121P,Both,12.815,17.493,Uintah Co Line to 7000 N Leeton,No,3,995,99,Level 2
0121P,Both,0,12.815,SR 40 Roosevelt to Uintah Co Line,No,3,2786,278,Level 1
0120P,Both,2.963,3.886,700 N to I-70 N Richfield,Yes,4,5697,569,Level 1
0132P,Both,32.941,34.33,300 W Nephi to I-15 SB,No,3,3572,203,Level 1
0120P,Both,0.882,2.963,SR-118 to 700 N Richfield Main St,Yes,4,12799,1279,Level 1
0120P,Both,0,0.882,I-70 S Richfield to SR-118,Yes,4,4235,423,Level 1
0119P,Both,4.549,8.753,300 E Glenwood to SR-24,No,4,780,62,Level 2
0132P,Both,25.59,32.941,MP 25.6 to 300 W Nephi,No,3,1868,217,Level 1
0132P,Both,19.944,25.59,MP 19.9 to MP 25.6,No,3,1760,211,Level 1
0119P,Both,0,4.549,SR-118 Richfield to 300 E Glenwood,No,4,1979,103,Level 1
0118P,Both,15.661,24.137,SR-119 to SR-24,No,4,2122,126,Level 1
0118P,Both,14.68,15.661,Resume at SR-120 300 N to SR-119,No,4,6455,258,Level 1
0132P,Both,8.651,19.944,Juab Co Line to MP 19.9,No,3,1726,282,Level 1
0118P,Both,10.042,14.679,SR-258 Richfield to Temp End at SR-120,No,4,5225,208,Level 1
0118P,Both,6.893,10.042,450 N Monroe to SR-258 Richfield,No,4,2925,204,Level 1
0132P,Both,5.365,8.651,SR-125 to Juab Co Line,No,4,1505,285,Level 1
0118P,Both,5.36,6.893,535 W to 450 N Monroe Mainstreet,No,4,2156,150,Level 1
0132P,Both,3.571,5.365,MP 3.6 to SR-125 Lemington,No,4,1126,292,Level 1
0118P,Both,0,5.36,I-70 Joseph to 535 W Monroe,No,4,841,67,Level 2
0132P,Both,0,3.571,SR-6 Lynndyl to MP 3.6,No,4,1125,292,Level 1
0117P,Both,4.907,12.192,SR-132 to SR-89 Mt Pleasant,No,4,1015,71,Level 1
0130P,Both,34.24,43.076,Beaver Co Line to SR-21 Minersville,No,4,930,139,Level 2
0117P,Both,0,4.907,200 W Wales to SR-132 4000 E,No,4,411,28,Level 2
0130P,Both,27.653,34.24,MP 27.7 to Beaver Co Line,No,4,895,134,Level 2
0116P,Both,6.55,7.061,500 W Mt Pleasant to SR-89,No,4,2531,177,Level 1
0116P,Both,2.568,6.55,Y connect to 500 W Mt Pleasant,No,4,2145,150,Level 1
0130P,Both,20.25,27.653,Rush Lake to MP 27.7,No,4,895,134,Level 2
0116P,Both,0,2.568,SR-132 Moroni to Y connect,No,4,2364,165,Level 1
0115P,Both,6.199,8.247,1200 W Spanish Fork to SR-156,No,3,2171,282,Level 1
0115P,Both,3.694,6.199,SR-147  to 1200 W Spanish Fork,No,3,1048,136,Level 1
0115P,Both,2.3,3.694,Benjamin Cemetery to SR-147,No,3,1965,255,Level 1
0130P,Both,9,20.25,MP 9 to Rush Lake,No,4,1126,148,Level 1
0115P,Both,0.768,2.3,I-15 to Benjamin Cemetery,No,3,2010,261,Level 1
0136P,Both,0,3.059,SR-50 & SR-125 to SR-6 E of Delta,No,4,325,81,Level 2
0115P,Both,0,0.768,SR-198 Payson to I-15,No,3,13146,1708,Level 1
0130P,Both,6.507,9,MP 6.5 to MP 9 N Cedar City Main Street,No,4,4827,540,Level 1
0114P,Both,8.594,10.845,SR-241 1600 N Orem to SR-89 Pleasant Grove,Yes,3,17267,1771,Level 1
0130P,Both,4.986,6.507,MP 5 to MP 6.5 N Cedar City Main Street,Yes,4,20727,1720,Level 1
0114P,Both,7.591,8.594,SR-52 800 N to SR-241 1600 N Orem,Yes,3,12535,755,Level 1
0130P,Both,0,4.986,I-15 S Cedar City to MP 5 Main Street,Yes,4,16107,907,Level 1
0114P,Both,4.962,7.591,SR-265 University Pkwy to SR-52 800 N Orem,Yes,3,12190,1462,Level 1
0128P,Both,41.6,44.564,Cisco Rd to I-70,No,4,380,26,Level 2
0114P,Both,1.084,4.962,I-15 Center St to SR-265 University Pkwy Orem,Yes,3,11704,1084,Level 1
0128P,Both,40.1,41.6,Cattle Guard to Cisco Rd,No,4,380,26,Level 2
0114P,Positive,0.731,1.084,Begin Divided to End Divided,Yes,3,27852,1671,Level 1
0114P,Both,0,0.731,SR-89 to I-15 Provo Center St,Yes,3,27852,1671,Level 1
0113P,Both,3.908,7.141,SR-222 to SR-40 Heber,No,3,7156,621,Level 1
0128P,Both,31.773,40.1,MP 31.8 to Cattle Guard,No,4,380,26,Level 2
0113P,Both,0,3.908,SR-189 Charleston to SR-222 Midway,No,3,2609,208,Level 1
0112P,Both,8.035,8.231,400 W to SR-36 Tooele,Yes,2,3875,271,Level 1
0128P,Both,29.797,31.773,Dewey Bridge to MP 31.8,No,4,380,26,Level 2
0112P,Both,0,8.035,SR-138 Grantsville to 400 W Tooele,Yes,2,5288,550,Level 1
0111P,Both,9.104,10.596,SR-171 3500 S to SR-201,Yes,2,13265,1193,Level 1
0111P,Both,5.733,9.104,SR-173 5400 S to SR-171 3500 S,Yes,2,13162,1711,Level 1
0128P,Both,20.308,29.797,MP 20.3 to Dewey Bridge,No,4,380,26,Level 2
0111P,Both,0,5.733,SR-48 W Jordan to SR-173 5400 S,Yes,2,5558,1345,Level 1
0110P,Both,0,3.495,SR-127 W Point to SR-37,No,1,2218,110,Level 1
0128P,Both,3,20.308,MP 3 to MP 20.3,No,4,709,49,Level 2
0109P,Both,1.107,2.962,Fairfield Rd to SR-89,No,1,7810,156,Level 1
0128P,Both,0,3,SR-191 N of Moab to MP 3,No,4,835,58,Level 2
0109P,Both,0,1.107,SR-126 Layton to Fairfield Rd,No,1,13478,269,Level 1
0108P,Both,10.015,12.92,4800 S to SR-126 on Midland Dr,Yes,1,16062,803,Level 1
0127P,Both,0,2.507,SR-110 to SR-108 Syracuse,No,1,6684,534,Level 1
0108P,Both,8.021,10.015,2300 N to 4800 S,Yes,1,18539,881,Level 1
0126P,Both,18.71,21.586,SR-134 to SR-89 Hot Springs,Yes,1,8624,741,Level 1
0108P,Both,6.887,8.021,1300 N to 2300 N,Yes,1,17381,695,Level 1
0126P,Both,14.642,18.71,SR-39 to SR-134,Yes,1,8625,517,Level 1
0108P,Both,4.063,6.887,1700 S to 1300 N on 2000 W,Yes,1,13016,520,Level 1
0108P,Both,3.002,4.063,1000 W to 2000 W Syracuse,Yes,1,25466,1018,Level 1
0126P,Both,14.027,14.642,Weber River to SR-39,Yes,1,14195,652,Level 1
0108P,Both,2,3.002,Main St to 1000 W,Yes,1,33340,1333,Level 1
0108P,Both,0.694,2,SR-126 to Main St,Yes,1,32840,1313,Level 1
0126P,Both,11.697,14.027,SR-108 to Weber River,Yes,1,20777,831,Level 1
0108P,Both,0,0.694,I-15 Layton to SR-126,Yes,1,42610,1704,Level 1
0107P,Both,0,4.517,SR-110 W Point to SR-126 Clearfield,No,1,7271,638,Level 1
0106P,Both,5.19,9.426,1700 S Farminton to SR-89,No,1,8319,624,Level 1
0126P,Both,9.073,11.697,SR-26 to SR-108 Midland Dr,Yes,1,21426,857,Level 1
0106P,Both,1.048,5.19,Main St to 1700 S Farmington,No,1,8910,493,Level 1
0126P,Both,7.169,9.073,SR-37 to SR-26,Yes,1,27259,1090,Level 1
0106P,Both,0,1.048,800 W Bountiful to Main St,No,1,17367,1042,Level 1
0105P,Both,0,1.111,SR-67 to SR-106 Centerville,No,1,11834,828,Level 1
0104P,One Way,2.493,3.088,Resume at SR-204 Wall Ave to Merge 1 Way WB on 20th St,No,1,9675,1161,Level 1
0126P,Both,5.661,7.169,SR-107 to SR-37,Yes,1,22512,837,Level 1
0104P,One Way,1.872,2.492,Railroad Bridge 1 Way EB to Temp End at SR-204 on 21st St,No,1,9900,1188,Level 1
0126P,Both,3.218,5.661,SR-108 to SR-107 300 N,Yes,1,18798,666,Level 1
0104P,Both,0.77,1.872,I-15 20th St to Railroad Bridge,No,1,19745,2369,Level 1
0126P,Both,1.591,3.218,SR-232 to SR-108 Antelope Dr,Yes,1,22937,917,Level 1
0104P,Both,0,0.77,SR-126 1900 W to I-15 20th St,No,1,13679,1641,Level 1
0160P,Both,2.006,3.808,Center St to I-15 N Beaver,No,4,5261,368,Level 1
0160P,Both,0,2.006,I-15 S Beaver to Center St,No,4,2869,515,Level 1
0159P,Both,4.515,8.018,MP 4.5 to SR-6,No,4,120,8,Level 2
0159P,Both,0,4.515,SR-21 Garrison to MP 4.5,No,4,120,8,Level 2
0158P,Both,6.009,11.691,Wolf Creek to Powder Mountain Ski Area,No,1,2153,129,Level 1
0158P,Both,0,6.009,SR-39 at Pineview Dam to Wolf Creek,No,1,4829,289,Level 1
0157P,Both,0,5.022,SR-244 Helper to Kenilworth,No,4,1734,138,Level 1
0156P,Both,0,1.382,SR-198 300 S Spanish Fork to I-15,Yes,3,25222,5296,Level 1
0155P,Both,6.5,10.718,MP 6.5 to SR-10,No,4,673,46,Level 2
0155P,Both,4.23,6.5,400 W Cleveland to MP 6.5,No,4,939,75,Level 2
0155P,Both,0,4.23,SR-10 to 400 W Cleveland,No,4,1456,141,Level 1
0154P,Positive,21.013,24.319,SR-201 2100 S to SLC Airport,Yes,2,21991,2062,Level 1
0154P,Both,18.946,21.013,SR-171 3500 S to SR-201 2100 S,Yes,2,39500,3054,Level 1
0154P,Both,16.939,18.946,4700 S to SR-171 3500 S,Yes,2,45509,3414,Level 1
0154P,Both,12.884,16.939,SR-48 7800 S to 4700 S,Yes,2,51355,2314,Level 1
0154P,Both,11.39,12.884,SR-209 9000 S to SR-48 7800 S,Yes,2,44620,892,Level 1
0154P,Both,6.759,11.39,SR-71 12600 S to SR-209 9000 S,Yes,2,43197,2378,Level 1
0154P,Both,3.242,6.759,SR-68 Redwood Rd to SR-71 12600 S,Yes,2,35685,1784,Level 1
0154P,Both,0.467,3.242,I-15 to SR-68 Redwood Rd,Yes,2,44280,1771,Level 1
0154P,Both,0,0.467,13800 S to I-15,No,2,16680,667,Level 1
0153P,Both,34.815,40.488,Cattle Guard to SR-89 Junction,No,4,33,6,Level 2
0153P,Both,26.879,34.815,Piute Co Line to Cattle Guard,No,4,20,3,Level 2
0153P,Both,21.294,26.879,Puffer Lake Gate to Piute Co Line,No,4,20,3,Level 2
0153P,Both,10.703,21.294,Power Plant to Puffer Lake Gate,No,4,218,32,Level 2
0153P,Both,7.04,10.703,MP 7 to Power Plant,No,4,275,38,Level 2
0153P,Both,3.61,7.04,MP 3.6 to MP 7,No,4,275,38,Level 2
0153P,Both,0,3.61,SR-160 Beaver to MP 3.6,No,4,1896,155,Level 1
0152P,Both,2.518,3.044,6200 S to I-215 Highland Dr,Yes,2,48700,2434,Level 1
0152P,Both,0,2.518,SR-71 & 900 E to 6200 S on VanWinkle Exp,Yes,2,19707,985,Level 1
0151P,Both,2.008,4.235,SR-68 Redwood Rd to I-15,Yes,2,39166,1263,Level 1
0151P,Both,0,2.008,SR-154 Bangerter Hwy to SR-68 Redwood Rd on 10400 S,Yes,2,16485,989,Level 1
0150P,Both,48.313,54.742,Bear River Service to Wyoming State Line,No,2,275,33,Level 2
0150P,Both,38.982,48.313,Sulphur Campground to Bear River Service,No,2,219,26,Level 2
0150P,Both,36.832,38.982,Historical Marker to Sulphur Campground,No,2,205,24,Level 2
0150P,Both,31.335,36.832,Mirror Lake Lodge to Historical Marker,No,2,312,37,Level 2
0150P,Both,25.489,31.335,Trial Lake Rd to Mirror Lake Lodge,No,2,720,77,Level 2
0150P,Both,15.743,25.489,Soapstone Campground to Trial Lake Rd,No,2,850,84,Level 2
0150P,Both,6.095,15.743,Wasatch National Forest to Soapstone Campground,No,2,929,92,Level 2
0150P,Both,0.332,6.095,300 E Kamas to Wasatch National Forest,No,2,1166,82,Level 1
0150P,Both,0,0.332,SR-32 to 300 E Kamas,No,2,2235,89,Level 1
0149P,Both,0,4.219,SR-40 Jensen to Dinosaur National Monument,No,3,770,107,Level 2
0148P,Both,0,2.544,SR-14 to Cedar Breaks National Monument,No,4,495,19,Level 2
0147P,Both,17.174,18.175,Maple St to SR-89 Mapleton,No,3,4030,241,Level 1
0147P,Both,11.425,17.174,Spanish Fork W City Limits to Maple St Mapleton,No,3,3528,303,Level 1
0147P,Both,11.168,11.425,MP 11.168 to Spanish Fork W City Limits,No,3,2215,221,Level 1
0147P,Both,6.947,11.168,SR-115 to MP 11.168,No,3,1785,178,Level 1
0147P,Both,2.547,6.947,8400 S to SR-115 Benjamin,No,3,847,84,Level 2
0147P,Both,0.5,2.547,10000 S to 8400 S,No,3,535,53,Level 2
0147P,Both,0,0.5,SR-141 10400 S to 10000 S,No,3,535,53,Level 2
0146P,Both,0,5.306,SR-89 Pleasant Grove to SR-92 Highland,No,3,10250,592,Level 1
0145P,Both,0,5.717,SR-68 to SR-89 American Fork,Yes,3,15173,2135,Level 1
0144P,Both,0,2.478,SR-92 to Tibble Fork Reservoir Am Fork Canyon,No,3,330,36,Level 2
0143P,Both,40,51.206,MP 40 Haycock Mt Rd to SR-89 Panguitch,No,4,737,44,Level 2
0143P,Both,32.898,40,Panguitch Lake to MP 40,No,4,640,38,Level 2
0167P,Both,0,1.531,I-84 Mt Green to Trapper's Loop Rd,No,1,5885,58,Level 1
0165P,Both,8.499,10.722,Ballard Springs Culvert to SR-91 Logan,No,1,18081,653,Level 1
0143P,Both,27.719,32.898,Garfield Co Line to Panguitch Lake Cattle Guard,No,4,218,13,Level 2
0143P,Both,19.617,27.719,Cedar Breaks Cattle Guard to Garfield Co Line,No,4,382,22,Level 2
0143P,Both,3.244,19.617,Parowan to Dixie Ntl Forest Gate & Cattle Guard,No,4,1186,68,Level 1
0165P,Both,6.389,8.499,4000 S to Ballard Springs Culvert,No,1,14127,1429,Level 1
0143P,Both,2.651,3.244,Center St to City View Dr Parowan,No,4,2390,119,Level 1
0165P,Both,4.921,6.389,SR-101 Hyrum to 4000 S Nibley,No,1,10119,841,Level 1
0165P,Both,0,4.921,Bridger Blvd Paradise to SR-101 Hyrum,No,1,2878,175,Level 1
0143P,Both,2.4,2.651,Main St to Center St Parowan,No,4,3690,184,Level 1
0143P,Both,0,2.4,I-15 Parowan to Main St,No,4,3286,164,Level 1
0164P,Both,1.551,2.744,MP 1.55 to SR-198 Spanish Fork,No,3,4285,463,Level 1
0142P,Both,12.529,17.353,Bear River to SR-91 Richmond,No,1,759,37,Level 2
0164P,Both,0,1.551,I-15 S of Spanish Fork to MP 1.551,No,3,4983,380,Level 1
0142P,Both,7.244,12.529,W Clarkson to Bear River,No,1,581,29,Level 2
0163P,Both,20,41.405,MP 20 to SR-191,No,4,654,19,Level 2
0142P,Both,0,7.244,SR-23 6800 W Clarkson,No,1,583,29,Level 2
0141P,Both,0,6.623,SR-6 Genola to SR-147 10400 S,No,3,580,34,Level 2
0163P,Both,0,20,Arizona State Line to MP 20,No,4,2005,60,Level 1
0140P,Both,0,2.559,SR-68 Redwood Rd to I-15 on 14400 S,No,2,3895,194,Level 1
0162P,Both,28.54,31.852,MP 28.5 to Colorado State Line,No,4,1955,175,Level 1
0139P,Both,0,1.408,SR-6 to SR-157 Spring Glen Rd,No,4,1190,71,Level 1
0162P,Both,26.18,28.54,MP 26.2 to MP 28.5,No,4,1955,175,Level 1
0138P,Both,12.209,20.444,SR-112 to SR-36 Tooele,Yes,2,8531,950,Level 1
0138P,Both,9.058,12.209,100 N to SR-122 Grantsville Main St,Yes,2,8455,507,Level 1
0162P,Both,23.07,26.18,Aneth to MP 26.2,No,4,1955,175,Level 1
0138P,Both,0,9.058,I-80 to 100 N Grantsville,Yes,2,2371,654,Level 1
0162P,Both,13.92,23.07,SR-262 Montezuma Creek To Aneth,No,4,1836,149,Level 1
0137P,Both,7.687,11.357,Resume N Leg to SR-89,No,4,465,60,Level 2
0162P,Both,11.67,13.92,Bucket Canyon to SR-262,No,4,771,57,Level 2
0162P,Both,8.24,11.67,MP 8.2 to Bucket Canyon,No,4,435,30,Level 2
0137P,Both,3.7,7.686,Elbow at MP 3.7 to Temp End at 100 S Mayfield,No,4,815,105,Level 2
0162P,Both,4.68,8.24,MP 4.7 to MP 8.2,No,4,435,30,Level 2
0137P,Both,0,3.7,SR-89 Gunnison 600 S to Elbow at MP 3.7,No,4,898,116,Level 2
0162P,Both,0,4.68,SR-191 Bluff to MP 4.7,No,4,454,30,Level 2
0161P,Both,0,3.084,I-70 to I-15 Cove Fort,No,4,171,22,Level 2
0191P,Both,51.552,52.029,100 N to Blanding Cemetery,Yes,4,3412,572,Level 1
0201P,Both,13.067,14.104,4000 W to 2700 W,Yes,2,88266,2647,Level 1
0208P,Both,0,10.205,SR-40 Fruitland to SR-35 Tabiona,No,3,345,75,Level 2
0201P,Both,10.841,13.067,SR-172 5600 W to 4000 W,Yes,2,65120,1953,Level 1
0191P,Both,51.262,51.552,4-Way Stop in Blanding to 100 N,Yes,4,5015,802,Level 1
0201P,Both,8.714,10.841,7200 W to SR-172 5600 W,Yes,2,38326,1149,Level 1
0215P,Positive,26.931,28.928,Davis Co Line to I-15,Yes,1,27091,2167,Interstate
0191P,Both,51.2,51.262,Blanding 4-Way Stop-Concrete,Yes,4,5015,802,Level 1
0201P,Both,6.244,8.714,9180 W to 7200 W,Yes,2,21925,1256,Level 1
0201P,Both,3.266,6.244,SR 202 to 9180 W,Yes,2,19663,1766,Level 1
0201P,Both,0,3.266,I-80 Lakepoint to SR 202,Yes,2,14922,1546,Level 1
0191P,Both,49.129,51.2,Blanding Main Street,Yes,4,4014,592,Level 1
0200P,Both,0,1.565,SR-61 Lewiston to Idaho State Line,No,1,1170,81,Level 2
0215P,Positive,13.141,15.506,SR-68 to SR-266 4700 S,Yes,2,91598,2747,Interstate
0191P,Both,47.049,49.129,SR-95 to Blanding,Yes,4,3313,460,Level 1
0199P,Both,12,21.96,Johnson Pass to SR-36 Rush Valley,No,2,1004,50,Level 1
0191P,Both,41.4,47.049,White Mesa to SR-95 Shirtail Corner,Yes,4,2520,327,Level 1
0199P,Both,0,12,SR-196 Dugway Proving Ground to Johnson Pass,No,2,885,44,Level 1
0212P,Both,0,1.289,Middleton Dr to 300 E on Telegraph Rd Washington,No,4,16850,674,Level 1
0191P,Both,36.438,41.4,SR-262 to White Mesa,Yes,4,2491,320,Level 1
0204P,Both,3.562,5.419,SR-39 12th St to SR-89 Harrisville,No,1,23472,469,Level 1
0191P,Both,21.229,36.438,SR-163 to SR-262,Yes,4,2071,223,Level 1
0198P,Both,12.342,15.715,Main St to SR-6 on 300 S,No,3,7603,608,Level 1
0215P,Positive,6.219,7.189,SR-190 6200 S to 2300 E Overpass,Yes,2,67115,2013,Interstate
0191P,Both,12,21.229,MP 12 to SR-163,Yes,4,1470,220,Level 1
0198P,Both,12.107,12.342,500 S to 300 S,Yes,3,21795,1743,Level 1
0191P,Both,0,12,Arizona State Line to MP 12,Yes,4,1470,220,Level 1
0190P,Both,16.845,19.934,Resume at MP 15.746 to Wasatch Co Line Guardsman Pass,No,2,940,37,Level 2
0198P,Both,11.54,12.107,SR-164 to 500 S Spanish Fork,Yes,3,21795,1743,Level 1
0209P,Both,12.325,14.592,2730 E to SR-210 Little Cottonwood Canyon,Yes,2,5179,673,Level 1
0198P,Both,9.296,11.54,560 N to SR-164,No,3,14003,1120,Level 1
0190P,Both,1.83,16.844,SR-210 to Temp End at Brighton Loop Big Cottonwwod Cyn,No,2,2726,109,Level 1
0198P,Both,6.42,9.296,1100 E to 560 N Salem,No,3,10706,801,Level 1
0190P,Both,0,1.83,I-215 Knudsen's Corner to SR-210,Yes,2,15549,777,Level 1
0189P,Both,25.191,28.89,SR-113 Charleston to SR-40 Heber,Yes,3,9741,850,Level 1
0198P,Both,4.559,6.42,700 S to 1100 E Payson,No,3,13825,905,Level 1
0209P,Both,6.696,7.154,Jordan River to 450 W,Yes,2,39820,9523,Level 1
0198P,Both,3.339,4.559,MP 3.3 to 700 S,No,3,8655,519,Level 1
0189P,Both,19.764,25.191,SR-314 Deer Creek State Park to SR-113 Charleston,Yes,3,9929,1238,Level 1
0198P,Both,2.937,3.339,12000 So to MP 3.3,No,3,5530,331,Level 1
0215P,Positive,19.506,22.778,SR-201 2100 S to N Temple,Yes,2,84359,3752,Interstate
0189P,Both,18.45,19.764,MP 18.4 to SR-314  Deer Creek State Park,Yes,3,9509,905,Level 1
0198P,Both,0,2.937,I-15 N Santaquin to 12000 S,No,3,5530,331,Level 1
0196P,Both,28.981,36.922,MP 29 to I-80 Rowley Junction,No,2,405,93,Level 2
0219P,Both,0,1.667,W Enterprise City Limits to SR-18,No,4,3140,188,Level 1
0189P,Both,14.55,18.45,End of Concrete to MP 18.4,Yes,3,9535,858,Level 1
0196P,Both,24,28.981,MP 24 to MP 29,No,2,405,93,Level 2
0196P,Both,17,24,MP 17 to MP 24,No,2,457,105,Level 2
0209P,Both,10.19,11.758,1300 E to 2300 E,Yes,2,21789,2832,Level 1
0189P,Both,14.379,14.55,SR-92 to End of Concrete,Yes,3,9535,858,Level 1
0196P,Both,0,17,SR-199 Dugway Proving Grounds to MP 17,No,2,485,111,Level 2
0215P,Positive,10.546,11.8,280 E to 700 W Overpass,Yes,2,111811,3354,Interstate
0189P,Both,9.071,14.379,MP 9.1 to SR-92,Yes,3,12474,754,Level 1
0193P,Both,3.989,5.669,Church St to SR-89,Yes,1,24110,964,Level 1
0193P,Both,2.185,3.989,SR-232 to Church St,Yes,1,26801,1072,Level 1
0189P,Both,8.518,9.071,Provo River Structure to MP 9.1,Yes,3,12195,731,Level 1
0193P,Both,0.521,2.185,I-15 to SR-232 Hill Field Rd,Yes,1,29189,2043,Level 1
0215P,Positive,1.847,3.667,SR-171 3300 S to SR-266 4500 S,Yes,2,68174,3065,Interstate
0189P,Both,7.5,8.518,SR-52 to Provo River Structure,Yes,3,12195,731,Level 1
0193P,Both,0,0.521,SR-126 Clearfield to I-15,No,1,17875,1430,Level 1
0189P,Both,3.506,7.5,SR-265 University Pkwy to SR-52 Structure,Yes,3,25399,1055,Level 1
0189P,Both,1.52,3.506,500 S to SR-265 University Pkwy,Yes,3,31255,937,Level 1
0191P,Both,396,404.168,Little Hole Rd to Wyoming State Line,No,3,873,139,Level 2
0189P,Both,1.155,1.52,900 S to 500 S Provo,Yes,3,30989,929,Level 1
0191P,Both,387.306,396,SR-44 Greendale Junction to Little Hole Rd,No,3,1562,227,Level 1
0210P,Both,12.525,13.618,MP 11.559 to MP 10.752  Alta Bypass Rd,No,2,175,1,Level 2
0189P,Both,0.661,1.155,begin Concrete to 900 S Provo,Yes,3,30945,928,Level 1
0191P,Both,378.184,387.306,Daggett Co Line to SR-44 Greendale Junction,No,3,1265,164,Level 1
0189P,Both,0,0.661,I-15 Provo to Begin Concrete,Yes,3,30945,928,Level 1
0186P,Both,6.036,8.553,Sunnyside Ave to I-215,Yes,2,42379,3328,Level 1
0191P,Both,372.4,378.184,Red Cloud Loop Rd to Daggett Co Line,No,3,1539,188,Level 1
0204P,Both,2.227,3.562,23rd St to SR-39 12th St,No,1,23361,542,Level 1
0191P,Both,363.49,372.4,Stauffer Chemical to Red Cloud Loop Rd,No,3,1635,196,Level 1
0204P,Both,0.924,2.227,32nd St to 23rd St,No,1,23334,934,Level 1
0191P,Both,357.27,363.49,Steinaker Overlook to Stauffer Chemical,No,3,1633,164,Level 1
0186P,Both,4.555,6.036,1300 E to Sunnyside Ave,Yes,2,25385,1204,Level 1
0191P,Both,354,357.27,MP 354 to Steinaker Overlook,No,3,1872,168,Level 1
0218P,Both,0,4.972,SR-23 Newton to Amalga,No,1,1166,101,Level 1
0186P,Both,3.557,4.555,SR-71 700 E to 1300 E,Yes,2,20883,626,Level 1
0191P,Both,353,354,MP 353 to MP 354,No,3,4364,392,Level 1
0191P,Both,352.611,353,Resume at SR-40 Vernal to MP 353,No,3,8230,740,Level 1
0186P,Both,2.656,3.557,SR-89 State St to SR-71 700 E on 400 S,Yes,2,21370,641,Level 1
0191P,Both,294.367,294.847,MP 294.4 to Temp End at SR-40 Duchesne,No,3,773,147,Level 2
0215P,Positive,7.189,8.804,2300 E Overpass to 1300 E Overpass,Yes,2,80356,2410,Interstate
0186P,Both,1.912,2.656,N Temple to 400 S on State St,Yes,2,21774,653,Level 1
0191P,Both,282.197,294.367,MP 282.2 to MP 294.4,No,3,540,113,Level 2
0215P,Positive,15.506,17.51,SR-266 4700 S to SR-171 3500 S,Yes,2,102299,2068,Interstate
0186P,Both,0,1.912,SR-89 Beck St to N Temple on Victory Rd,Yes,2,11690,350,Level 1
0191P,Both,276.327,282.197,MP 276.3 Jones Hollow Rd to MP 282.2,No,3,540,113,Level 2
0180P,Both,0,1.051,I-15 500 E to SR-89 American Fork,No,3,19015,2091,Level 1
0191P,Both,269.18,276.327,MP 269.2 National Forest Guard Sta to MP 276.3,No,3,540,113,Level 2
0215P,Positive,0,0.828,I-80 to SR-186 Overpass Concrete Section,Yes,2,27605,2208,Interstate
0178P,Both,0,1.198,I-15 Payson to SR-198,No,3,11896,832,Level 1
0204P,Both,0,0.924,SR-26 Riverdale Rd to 32nd St on Wall Ave,No,1,22529,1126,Level 1
0191P,Both,260.218,269.18,Duchesne Co Line to MP 269.2,No,3,540,113,Level 2
0175P,Both,2.367,4.86,SR-68 Redwood Rd to SR-89 State Street,Yes,2,19527,5662,Level 1
0191P,Both,257.67,260.218,MP 257.6 to Duchesne Co Line,No,4,576,131,Level 2
0175P,Both,0.381,2.367,3600 West to SR-68 Redwood Rd,Yes,2,10000,2899,Level 1
0175P,Both,0,0.381,SR-154 Bangerter Hwy to 3600 W on 11400 S,Yes,2,10000,2900,Level 1
0191P,Both,254,257.67,Willow Creek Bridge to MP 257.6,No,4,600,143,Level 2
0210P,Both,0,3.859,SR-190 Big Cottonwood to SR-209,Yes,2,18656,186,Level 1
0174P,Both,5.393,8.122,MP 5.4 to SR-6,No,4,1160,371,Level 1
0203P,Both,3.868,6.137,SR-79 to SR-39 12th St,Yes,1,22396,3931,Level 1
0191P,Both,251.434,254,Resume at SR-6 to Willow Creek Bridge,No,4,626,140,Level 2
0174P,Both,2.87,5.393,MP 2.9 to MP 5.4,No,4,1160,371,Level 1
0222P,Both,0,0.222,SR-113 to 200 W Midway,No,3,3320,166,Level 1
0174P,Both,0,2.87,Intermountain Power Plant N of Delta to MP 2.9,No,4,1160,371,Level 1
0173P,Both,9.199,9.939,I-15 5600 S to SR-89 State St,No,2,26881,281,Level 1
0173P,Both,7.05,9.199,1900 W to I-15 5600 S,No,2,30139,540,Level 1
0191P,Both,151,157.193,MP 151 to Temp End at I-70 Crescent Junction,Yes,4,5685,2046,Level 1
0203P,Both,1.869,3.868,4400 S to SR-79,Yes,1,26449,1057,Level 1
0191P,Both,145.73,151,Railroad Structure to MP 151,Yes,4,5685,2046,Level 1
0173P,Both,5.765,7.05,3200 W to 1900 W,No,2,39937,1908,Level 1
0191P,Both,139.974,145.73,MP 140 to Railroad Structure,Yes,4,5685,2046,Level 1
0215P,Positive,22.778,26.931,N Temple to Davis Co Line,Yes,2,63762,4526,Interstate
0173P,Both,4.738,5.765,4015 W to 3200 W,No,2,38182,2617,Level 1
0191P,Both,136.806,139.974,Seven Mile Wash to MP 140,Yes,4,5685,2046,Level 1
0191P,Both,129.898,136.806,SR-279 to Seven Mile Wash,Yes,4,6764,2395,Level 1
0191P,Both,128.728,129.898,Colorado River to SR-279,Yes,4,8374,1251,Level 1
0191P,Both,126.299,128.728,N of Moab to Colorado River,Yes,4,9602,1621,Level 1
0209P,Both,8.849,10.19,SR-71 700 E to 1300 E,Yes,2,24132,3623,Level 1
0173P,Both,3.849,4.738,4725 W to 4015 W,No,2,36345,3997,Level 1
0191P,Both,125.932,126.299,Moab Main St N Section,Yes,4,11025,2094,Level 1
0215P,Positive,11.8,13.141,700 W Overpass to SR-68,Yes,2,101070,3032,Interstate
0173P,Both,2.752,3.849,SR-172 5600 W to 4725 W,No,2,36345,3997,Level 1
0191P,Both,125.377,125.932,Moab Main St Concrete Section,Yes,4,13174,2734,Level 1
0172P,Both,5.985,9.218,SR-201 to I-80 5600 W,Yes,2,18096,2030,Level 1
0173P,Both,0,2.752,SR-111 Magna to SR-172 5600 W,No,2,7140,785,Level 1
0191P,Both,123.851,125.377,Moab Main St S Section,Yes,4,14027,3202,Level 1
0215P,Positive,3.667,6.219,SR-266 4500 S to SR-190 6200 S,Yes,2,65855,1975,Interstate
0172P,Both,4.494,5.985,3100 S to SR-201,Yes,2,40400,1616,Level 1
0191P,Both,114.373,123.851,Blue Hill to Moab Overlook Rd,Yes,4,6025,1681,Level 1
0172P,Both,3.993,4.494,SR-171 3500 S to 3100 S,Yes,2,40400,1616,Level 1
0172P,Both,3.19,3.993,3980 S to SR-171 3500 S,Yes,2,26255,1050,Level 1
0191P,Both,111.045,114.373,Kane Springs to Blue Hill,Yes,4,4215,1264,Level 1
0209P,Both,11.758,12.325,2300 E to 2730 E,Yes,2,7495,974,Level 1
0203P,Both,0,1.869,SR-89 to 4400 S on Harrison Blvd,Yes,1,30362,1214,Level 1
0191P,Both,109.903,111.045,Kane Springs,Yes,4,4215,1264,Level 1
0191P,Both,108.3,109.903,Morman Tank Wash to Kane Springs Rest Area,Yes,4,4215,1264,Level 1
0211P,Both,0,18.915,Dugout Ranch Cattle Guard to SR-191 at Church Rock,No,4,370,18,Level 2
0172P,Both,1.994,3.19,4700 S to 3980 S,Yes,2,23878,955,Level 1
0202P,Both,0,1.907,SR-201 to I-80 Lakepoint,No,2,745,59,Level 2
0191P,Both,106.245,108.3,MP 106.4 to Mormon Tank Wash,Yes,4,4215,1264,Level 1
0172P,Both,0,1.994,6200 S to 4700S,Yes,2,22431,897,Level 1
0171P,Both,14.59,15.66,2700 E to I-215 3300 S,Yes,2,21120,211,Level 1
0191P,Both,103.954,106.245,N of SR-46 La Sal Junction to MP 106.4,Yes,4,4215,1264,Level 1
0209P,Both,5.35,6.696,SR-68 Redwood Rd to Jordan River on 9000 S,Yes,2,44156,11962,Level 1
0201P,Both,17.444,18.095,300 W to SR-89 State St,No,2,21715,651,Level 1
0191P,Both,100.36,103.954,Wilson Arch to N of SR-46 La Sal Junction,Yes,4,3872,1128,Level 1
0171P,Both,12.533,14.59,1300 E to 2700 E,Yes,2,17612,176,Level 1
0191P,Both,96,100.36,MP 96 to Wilson Arch,Yes,4,3815,1106,Level 1
0171P,Both,11.621,12.533,SR-71 700 E to 1300 E,Yes,2,22772,227,Level 1
0191P,Both,95.181,96,Hatch Wash to MP 96,Yes,4,3815,1106,Level 1
0218P,Both,4.972,8.223,Amalga to SR-91 Smithfield,No,1,3511,269,Level 1
0171P,Both,10.731,11.621,SR-89 State St to SR-71 700 E,Yes,2,27246,272,Level 1
0191P,Both,89.66,95.181,Dry Valley to Hatch Wash,Yes,4,3815,1106,Level 1
0191P,Both,85.834,89.66,Church Rock to Dry Valley,Yes,4,3790,1081,Level 1
0209P,Both,7.859,8.849,SR-89 State St to SR-71 700 E,Yes,2,23190,4174,Level 1
0171P,Both,9.526,10.731,700 W to SR-89 State St,Yes,2,32620,1271,Level 1
0191P,Both,81.851,85.834,MP 81.8 to Church Rock,Yes,4,3495,803,Level 1
0215P,Positive,8.804,10.546,1300 E Overpass to 280 E,Yes,2,106314,3189,Interstate
0171P,Both,8.022,9.526,SR-68 Redwood Rd to 700 W,Yes,2,28301,1812,Level 1
0201P,Both,16.7,17.444,Resume at 900 W to 300 W on 2100 S,No,2,9970,299,Level 1
0191P,Both,76.99,81.851,MP 77 to MP 81.8,Yes,4,3495,803,Level 1
0215P,Positive,17.51,19.506,SR-171 3500 S to SR-201 2100 S,Yes,2,96532,1930,Interstate
0171P,Both,7.02,8.022,2650 W to SR-68 Redwood Rd,Yes,2,29673,1301,Level 1
0201P,Both,16.524,16.699,1400 W to Temporary End at 900 W,Yes,2,32796,983,Level 1
0191P,Both,72.583,76.99,Monticello to MP 77.5,Yes,4,3495,803,Level 1
0191P,Both,71.296,72.583,Monticello Main Street,Yes,4,4085,841,Level 1
0171P,Both,5.815,7.02,SR-154 Bangeter Hwy to 2650 W,Yes,2,36730,1101,Level 1
0191P,Both,66.396,71.296,End of Climbing Lane to Monticello,Yes,4,2475,445,Level 1
0215P,Positive,0.828,1.847,"SR-186 Overpass to SR-171 3300 S, Include all ramps",Yes,2,77164,5006,Interstate
0171P,Both,3.506,5.815,SR-172 5600 W to SR-154 Bangerter Hwy,Yes,2,28426,568,Level 1
0201P,Both,14.826,16.524,I-215 to 14000 W,Yes,2,87913,2637,Level 1
0191P,Both,61.923,66.396,Devil's Canyon to End of Climbing Lane,Yes,4,2830,488,Level 1
0171P,Both,0,3.506,SR-111 SR-172 8400 W to 5600 W,No,2,14816,233,Level 1
0168P,Both,0,1.16,Hill AFB N Gate to SR-60,No,1,1245,24,Level 2
0191P,Both,59.246,61.923,Devils Canyon,Yes,4,2965,504,Level 1
0210P,Both,3.859,12.524,SR-209 to Top of Little Cottonwood Canyon,No,2,5299,52,Level 1
0167P,Both,7.001,11.092,SR-226 to SR-39,No,1,1855,351,Level 1
0191P,Both,52.029,59.246,Blanding Cemetary to Devil's Canyon,Yes,4,2965,504,Level 1
0167P,Both,1.531,7.001,Mountain Green to SR-226,No,1,2479,246,Level 1
0201P,Both,14.104,14.826,2700 W to E of I-215,Yes,2,99643,2989,Level 1
0209P,Both,7.154,7.859,450 W to SR-89 State St,Yes,2,36300,7835,Level 1
0275P,Both,0,3.818,SR-95 to Natural Bridges National Monument,No,4,70,1,Level 2
0274P,Both,0,1.257,SR-143 to I-15 N Parowan,No,4,2152,258,Level 1
0273P,Both,1.929,3.084,200 S to I-15 Kaysville,No,1,19536,1367,Level 1
0273P,Both,0,1.929,SR-89 Farmington to 200 S Kaysville,No,1,14078,985,Level 1
0271P,Both,0,5.647,SR-274 Parowan to I-15 Paragonah,No,4,732,29,Level 2
0270P,Both,0.006,0.749,900 S to SR-89 400 S on W Temple,No,2,13955,418,Level 1
0270P,Both,0,0.006,I-15 Collector to 900 S,No,2,13955,418,Level 1
0269P,One Way,1.494,1.807,300 W to I-15 1 Way WB on 500 S,Yes,2,31610,948,Level 1
0269P,One Way,0.905,1.494,SR-89 State St to 300 W 1 Way WB on 500 S,Yes,2,31971,959,Level 1
0269P,One Way,0.462,0.904,200 W to SR-89 State St 1 Way EB on 600 S,Yes,2,32043,961,Level 1
0269P,One Way,0,0.462,I-15 to 200 W 1 Way EB on 600 S,Yes,2,38614,1158,Level 1
0268P,Both,0,0.734,800 W to SR-89 on 600 N,Yes,2,12885,773,Level 1
0266P,Both,4.422,8.12,SR-71 700 E to Wasatch Blvd,Yes,2,15692,313,Level 1
0266P,Both,3.536,4.422,SR-89 State St to SR-71 700 E,Yes,2,33215,664,Level 1
0266P,Both,2.844,3.536,I-15 4500 S to SR-89 State St,Yes,2,38589,771,Level 1
0266P,Both,0,2.844,I-215 4700 S to I-15 4500 S,Yes,2,30068,902,Level 1
0265P,Both,2.977,4.336,W Union Canal to SR-189 University Blvd,Yes,3,35755,1253,Level 1
0265P,Both,1.206,2.977,400 W to W Union Canal,Yes,3,43314,1299,Level 1
0265P,Both,0.725,1.206,Sandhill Rd to 400 W Orem,Yes,3,43825,1314,Level 1
0265P,Both,0.396,0.725,I-15 to Sandhill Rd,Yes,3,41154,1234,Level 1
0265P,Both,0,0.396,SR-114 Geneva Rd to I-15 University Pky,No,3,20870,626,Level 1
0264P,Both,5.312,15.373,Electric Lake Boat Ramp Rd to SR-96,No,4,308,23,Level 2
0264P,Both,0,5.312,SR 31 Top of Fairview Cyn to Electric Lake Boat Ramp,No,4,420,16,Level 2
0262P,Both,16,22.605,McCracken Mesa to SR-162 Montezuma Creek,No,4,290,14,Level 2
0262P,Both,12.1,16,MP 12.1 to McCracken Mesa,No,4,290,14,Level 2
0262P,Both,7.741,12.1,MP 7.7 to MP 12.1,No,4,296,17,Level 2
0262P,Both,0,7.741,SR-191 to MP 7.7,No,4,330,33,Level 2
0261P,Both,27.5,32.691,MP 27.5 to SR-95,No,4,115,6,Level 2
0261P,Both,22.64,27.5,Snow Flat Rd to MP 27.5,No,4,115,6,Level 2
0261P,Both,18.78,22.64,Cattle Guard to Snow Flat Rd,No,4,90,5,Level 2
0261P,Both,14,18.78,MP 14 to Cattle Guard,No,4,90,5,Level 2
0261P,Both,9.656,14,Top Mokee Dugway to MP 14,No,4,90,5,Level 2
0261P,Both,7,9.656,Mokee Dugway,No,4,110,6,Level 2
0261P,Both,0,7,SR-163 to Bottom Mokee Dugway,No,4,112,6,Level 2
0260P,Both,0,4.179,SR-24 to SR-50 Aurora Rd,No,4,1625,194,Level 1
0259P,Both,0,0.345,SR 24 to I-70 Sigurd,No,4,2985,477,Level 1
0258P,Both,0,2.022,I-70 Cattle Guard to SR-118 Elsinore,No,4,1850,111,Level 1
0257P,Both,61,69.246,MP 61 to SR-6 Hinckley,No,4,846,245,Level 1
0257P,Both,45.468,61,Cattle Guard to MP 61,No,4,704,174,Level 2
0257P,Both,33.006,45.468,MP 33 to Cattle Guard,No,4,845,177,Level 2
0257P,Both,29,33.006,MP 29 to MP 33,No,4,845,177,Level 2
0257P,Both,25.6,29,MO 25.6 to MP 29,No,4,845,177,Level 2
0257P,Both,21.31,25.6,MP 21.3 to MP 25.6,No,4,845,177,Level 2
0257P,Both,18.2,21.31,MP 18.2 to MP 21.3,No,4,845,177,Level 2
0257P,Both,13.954,18.2,MP 14 to MP 18.2,No,4,845,177,Level 2
0257P,Both,0,13.954,SR-21 Milford to MP 14,No,4,844,160,Level 2
0256P,Both,0,5.595,SR-89 to SR-89 Axtel on Redmond Rd,No,4,1186,130,Level 1
0252P,Both,5.516,6.755,1000 W to SR-91 on 2500 N,Yes,1,9555,382,Level 1
0252P,Both,4.138,5.516,1400 N to 2500 N,Yes,1,6990,279,Level 1
0252P,Both,2.606,4.138,SR-30 to 1400 N,Yes,1,16080,643,Level 1
0252P,Both,0,2.606,SR-91 to SR-30 200 N Logan on 1000 W,Yes,1,10837,433,Level 1
0248P,Both,9.56,14.481,Summit Co Line to SR-32 Kamas,No,2,5472,547,Level 1
0248P,Both,3.186,9.56,SR-40 to Summit Co Line,No,2,7598,652,Level 1
0248P,Both,0.816,3.186,Park City HS to SR-40,Yes,2,15668,330,Level 1
0248P,Both,0,0.816,SR-224 to Park City HS,Yes,2,21190,635,Level 1
0244P,Both,0,0.91,SR-6 to SR-6 Helper Main Street,No,4,1919,556,Level 1
0243P,Both,0,1.397,SR-89 Logan Cyn to Beaver Mountain Ski Area,No,1,835,133,Level 2
0241P,Both,0,0.415,SR-114 Geneva Rd to I-15 1600 N Orem,No,3,16155,2261,Level 1
0240P,Both,0,1.217,I-15 to SR-38 2600 W Honeyville,No,1,1530,122,Level 1
0235P,Both,0.5,3.202,400 N to SR-134 2700 N,No,1,23901,902,Level 1
0235P,Both,0,0.5,SR-89 & 2nd St Odgen to 400 N,No,1,24690,493,Level 1
0232P,Both,0,2.401,SR-126 Layton to Hill AFB S Gate,No,1,23435,1192,Level 1
0228P,Both,1.635,1.821,Resume at I-15 SB on Ramp to MP 0.444,No,4,2420,145,Level 1
0228P,Both,0,1.634,I 15 P S Leeds to Temp End at I-15 N N Leeds,No,4,2420,145,Level 1
0227P,Both,0,0.704,I-15 S Farminton to SR-106,No,1,7499,74,Level 1
0226P,Both,0,3.003,Snow Basin Lower Lot to SR-167,No,1,220,6,Level 2
0225P,Both,0,0.745,Railroad Structure to SR-106 Farmington,No,1,6085,425,Level 1
0224P,Both,9.394,11.597,Bear Hollow Dr to I-80 Kimball Junction,Yes,2,27850,1114,Level 1
0224P,Both,6.04,9.394,SR 248 to Bear Hollow Dr,Yes,2,29345,1280,Level 1
0224P,Both,4.65,6.04,Deer Valley Roundabout to SR-248,No,2,15700,1045,Level 1
0224P,Both,1.137,4.65,First Roundabout to Deer Valley Roundabout,No,2,4683,249,Level 1
0224P,Both,0,1.137,Wasatch Co Line to first Roundabout,No,2,4650,232,Level 1
0222P,Both,0.222,3.361,200 W Midway to Wasatch Mt State Park Gate,No,3,2144,107,Level 1
0316P,Both,0,3.513,Goosenecks State Park to SR-261,No,4,45,2,Level 2
0315P,Both,0.821,1.76,Willard Bay State Park I-15 to SR-89,No,1,2670,720,Level 1
0315P,Both,0,0.821,Willard Bay State Park N Marina to I-15,No,1,2670,720,Level 1
0314P,Both,0,0.767,Deer Creek State Park SR-189 to Boat Ramp,No,3,365,197,Level 2
0313P,Both,7.96,22.506,Canyonlands NP to SR-191,No,4,1130,101,Level 1
0313P,Both,3.57,7.96,Dead Horse Point State Park to Island in the Sky Rd,No,4,740,66,Level 2
0313P,Both,0,3.57,Dead Horse Point State Park to Canyonlands NP,No,4,740,66,Level 2
0312P,Both,0,0.573,Willard Bay State Park S Marina,No,1,260,150,Level 2
0311P,Both,0,3.916,Starvation Lake State Park,No,3,280,95,Level 2
0310P,Both,0,0.353,Minersville Lake State Park to SR-21,No,4,55,17,Level 2
0309P,Both,0,0.357,Millsite Lake State Park,No,4,30,1,Level 2
0306P,Both,0,0.451,E Canyon Lake State Park to SR-66,No,1,275,90,Level 2
0304P,Both,0,0.086,Hyrum State Park,No,1,310,40,Level 2
0303P,Both,0,1.77,Goblin Valley State Park,No,4,210,23,Level 2
0302P,Both,0,3.452,Rock Port Sate Park,No,2,260,39,Level 2
0301P,Both,0,2.039,Steinaker State Park to SR-191,No,3,255,63,Level 2
0299P,Both,0,1.03,Drivers LIcense Roads at  4700 S SLC,No,2,2110,527,Level 1
0298P,Both,0,0.9,Drivers License Roads at Browning Armory Ogden,No,1,1775,124,Level 1
0296P,Both,0,1.424,American Fork Taining School 700 N,No,3,760,15,Level 2
0294P,Both,0,0.383,State Mental Hospital Provo,No,3,1970,19,Level 1
0293P,Both,0,1.05,State Capitol Roads and Parking,No,2,2725,54,Level 1
0292P,Both,1.707,1.721,SLCC W Entrance,No,2,7065,141,Level 1
0292P,Both,1.464,1.706,SLCC S Loop Rd to Center Entrance,No,2,7065,141,Level 1
0292P,Both,1.323,1.463,SLCC  SR-68 Center Entrance to N Loop Rd,No,2,7065,141,Level 1
0292P,Both,0,1.322,SLCC  SR-68 N Entrance to SR-68 on Loop Rd,No,2,7065,141,Level 1
0291P,Both,0,0.565,Inst for the Blind Harrison to SR-291 Ogden,No,1,410,4,Level 2
0290P,Both,0,1.165,Snow College Loop Ephraim,No,4,6475,323,Level 1
0289P,Both,1.681,1.92,College of S Utah 200 S to Center St on 300 W,No,4,3825,344,Level 1
0289P,Both,0.872,1.681,College of S Utah 1150 W and 200 S to 300 W,No,4,3601,324,Level 1
0289P,Both,0,0.872,College of S Utah SR-130 to 1150 W Cedar City,No,4,8493,764,Level 1
0287P,Both,0,0.759,State Prison Draper,No,2,1970,98,Level 1
0286P,Both,0,1.307,State Industrial School Ogden,No,1,1260,25,Level 2
0285P,Both,0,0.333,Inst for the Deaf 20th St to Monroe Blvd Ogden,No,1,250,27,Level 2
0284P,Both,1.68,1.717,Weber State  Harrison to Dixon - S Entrance,No,1,3693,332,Level 1
0284P,Both,1.647,1.679,Weber State  Harrison to Dixon -N Entrance,No,1,3693,332,Level 1
0284P,Both,0.999,1.646,Weber State  Harrison to Skyline,No,1,3693,332,Level 1
0284P,Both,0.549,0.998,Weber State  Harrison to Taylor,No,1,3693,332,Level 1
0284P,Both,0,0.548,Weber State  Dixon Dr S Entrance Rd to Harrison,No,1,3693,332,Level 1
0282P,Both,2.244,2.944,U of U Mario Campecci Dr to 100 S on N Campus Dr,No,2,15366,614,Level 1
0282P,Both,1.037,2.244,U of U SR-186 to N Campus Dr on Mario Campecci Dr,No,2,21653,866,Level 1
0282P,Both,0.065,1.036,U of U Univ St to Mario Campecci Dr on S Campus Dr,No,2,10640,425,Level 1
0282P,Both,0,0.064,U of U 1580 E Entrance and Roundabout,No,2,16370,654,Level 1
0280P,Both,0,0.399,I-80 to Main St Coalville,No,2,3420,615,Level 1
0279P,Both,0,15.178,Potash Plant to SR-191 N of Moab,No,4,355,78,Level 2
0276P,Both,85.444,89.815,MP 85.4 to SR-95,No,4,310,40,Level 2
0276P,Both,80.445,85.444,MP 80.4 to MP 85.4,No,4,310,40,Level 2
0276P,Both,73,80.445,MP 73 to MP 80.4,No,4,310,40,Level 2
0276P,Both,67.47,73,MP 67.5 to MP 73,No,4,310,40,Level 2
0276P,Both,53.743,67.47,Resume at S Glenn Canyon Boundary to MP 67.5,No,4,310,40,Level 2
0276P,Both,23.56,34.99,Ticaboo Mill Rd to Temp End at Glenn Canyon Boundary,No,4,387,34,Level 2
0276P,Both,12,23.56,MP 12 Woodruff to Ticaboo Mill Rd,No,4,240,21,Level 2
0276P,Both,0,12,SR-95 N Wash to MP 12 Woodruff,No,4,240,21,Level 2
089AP,Both,0,2.945,Arizona State Line to SR-89 Kanab,No,4,4220,211,Level 1
0491P,Both,8.907,17.02,MP 8.9 to Colorado State Line,Yes,4,2260,474,Level 1
0491P,Both,1.502,8.907,MP 1.5 to MP 8.9,Yes,4,2271,476,Level 1
0491P,Both,0,1.502,SR-191 Monticello to MP 1.5,Yes,4,3045,639,Level 1
0320P,Both,0,2.19,Camp Williams Emergency Vehicle Operations Range,No,3,135,39,Level 2
0319P,Both,0,1.203,Jordanelle State Park from SR-40,No,3,1030,257,Level 1
0318P,Both,0,2.214,Quail Creek State Park from SR-9,No,4,1465,410,Level 1
0317P,Both,0,1.62,UDOT Complex Roads and Parking,No,2,2530,101,Level 1
